,내용,날짜
0,,22.05.05.
1,잇몸이 튼튼해지는 듯요. 입안도 개운하고요.~,22.05.05.
2,자주쓰는 치약이에요 좋아요,22.05.05.
3,"늘 사용하는 제품 저렴하게 구매했네요
상쾌하고 압안이 개운해요",22.05.04.
4,아침에 일어나면 입냄새가 나지 안아서 좋아요 텁텁함도 없구요,22.05.04.
5,"초2 아들도 이 치약만 써요.
양치하고나서 개운해요",22.05.04.
6,"살짝매워요
근데 입안이 개운하고 시원합니다",22.05.04.
7,시원하고 아침에 정말 입냄새가 안나요 ㅎㅎ,22.05.04.
8,진짜 최고 크기도크고 여기가 젤루 컸어요~!,22.05.04.
9,상품좋고 배송빠르고 서비스 품목 감사해요,22.05.04.
10,배송이 빠르네용 항상쓰던거 잘쓰구잇어요,22.05.04.
11,늘쓰던건데 적은수량 구매해서 좋아요,22.05.04.
12,온가족이 이치약만 쓰고싶어 합니다^^,22.05.04.
13,항상 쓰던거예유 배송 빨라서 좋아용,22.05.04.
14,덴티스테만 사용해요. 너무 좋아요.,22.05.04.
15,치아 건강에 탁월한 치약입니다!,22.05.04.
16,대용량이라 오래써서좋아요,22.05.04.
17,"치약은 꼭 덴티스테
씁니다",22.05.04.
18,이 치약만 쓰고있습니다.,22.05.04.
19,힝상 사용하는 치약이에요. 다른 치약보다 훨씬 개운하고 깔끔해요.,22.05.04.
20,배송잘받았어요~!!!,22.05.04.
21,이 치약만 써요~~,22.05.04.
22,좋야요좋야요좋아요좋아요,22.05.04.
23,"아주 만족합니다
이것저것 많이먹은날은 아무리 양치깨끗히 해도 뭔가 남아있는듯한 느낌인데 이건 상쾌해요
사용한치약중에 가장맘에들어요
다른치약보다 가격이 좀 나가긴하지만 계속 쓸예정입니다
아! 뚜껑이 좀 뻑뻑해서 열기가 힘들어요",22.05.03.
24,마트나 화장품가계에서 구매해서 썼는데 비싸게 주고 썼었네요ㅠㅠ;;;그래서 미리 3개주문했어요~ 한달마다 재주문하려구요^^좋은상품 좋은가격에 판매해주셔서 감사해요^^,22.05.03.
25,"사용하고 싶은 생각이 들도록 외관은 좋은데, 민트향은 예상만큼 나지 않아 아쉬웠음",22.05.03.
26,"배송이 빠르고, 맛, 향이 좋아요. 다음날 아침이 달라요. 비싸지만 값을 합니다.",22.05.03.
27,잘 닦이고 입안이 상쾌합니다. 좋아요. 적은 양으로도 충분해요.,22.05.03.
28,입안이 넘 깔끔하고 개운해서 이상하게 요상품을 쓰게되네요~^^,22.05.03.
29,"항상 쟁여 놓고 쓰는 치약 저렴하게 구매 했어요, 감사합니다^^",22.05.03.
30,생각보다 상쾌하다거나 깔끔한거 같지는 않네요,22.05.03.
31,좋아요 사용감 쾌적하네요,22.05.03.
32,"빠른배송요..
계속 쓰는 제품",22.05.03.
33,"늘 사용하고 있는 제품입니다
상쾌하니 좋아요 ㅎ ㅎ ㅋ ㅋ",22.05.03.
34,"늘 구매하는제품.
다른제품 사용하다 불편해서 다시구매
재구매의사 있음",22.05.03.
35,친구권유로 써봤는데 양치 후 음식냄새가 덜 남고 아주 개운합니다. 특히 아침까지 덜 텁텁해서 만족해요. 달지 않고 맵지 않아 온가족이 잘 쓰고 있어요. 치약을 짜려면 튜브를 힘주어 눌러야하는 단점이 있어요. 좀더 쉽고 부드럽게 나오면 아이나 노부모님이 더 편하게 쓸것 같아요.,22.05.02.
36,"양치후 상쾌하고 구취제거에 탁월해서 좋아요
이번 상품엔 칫솔과 여행용이 추가구성되어 더 만족스럽네요",22.05.02.
37,다른치약에 비해 시원해요~ 뭐가 더 좋은지는 좀더 써봐야 알거같아요,22.05.02.
38,이 제품 쓰면 다른거 못 써요 상쾌하고 좋아요!!!,22.05.02.
39,늘 사용해오던 제품이라서 믿고 재구매 했습니다. 원하는 제품을 빠른 배송으로 받아서 만족합니다 . 가격은 조금 더 저렴하면 좋겠습니다,22.05.02.
40,입안이 너무 상큼하고 사용하기도 편해요,22.05.02.
41,"항상 사용합니다
떨어져서 구비해뒀어요!",22.05.02.
42,가격이 올랐네요좋다길래 함 써보려구요,22.05.02.
43,항상 잘 쓰는제품 빠른배송 좋습니다,22.05.02.
44,치약 중 제일 상쾌한 것 같아요,22.05.02.
45,가격이 아악한 만큼 만족해요,22.05.02.
46,언제나 만족하는 상품이예요,22.05.02.
47,좋아요오오…!!!!!!,22.05.02.
48,항상 이 제품만 써요~,22.05.02.
49,양치시거품잘나고 양치후 개운해요~,22.05.02.
50,최고 체고 최고 최소,22.05.02.
51,"남편은 이 치약만 사용해요.
좋아요좋아요좋아요좋아요",22.05.02.
52,입냄새안나고 깔끔한기분이 들어 좋습니다,22.05.01.
53,항상 사용하는 제품으로 개은함이 좋아요.,22.05.01.
54,양치후 깔끔한 느낌이 나서 만족합니다,22.05.01.
55,"늘 쓰는 제품이에요.
비싸지만 좋아요",22.05.01.
56,믿고쓰는 치약 덴티스테 좋아요,22.05.01.
57,확실히 사용 후 깔끔하네요!,22.05.01.
58,비싸니까 괜찮을듯 해요,22.05.01.
59,너무 좋아요 또 살게요,22.05.01.
60,배송무엇?! 한국인 속도에 딱 맞는ㅋㅋ 뭣모르고 넘나 많이 짜서 깜짝 놀랐지만 사용 후 상쾌함이란!!!짜앙,22.05.01.
61,재구매 하였습니다 치아가 안좋았는데 아무치약을 사용하고 있었는데 너무 치아가 좋지않아 덴터스테을 사용하고 나서 좋더라구요,22.05.01.
62,잘받앗어요 꼼꼼하게 잘보내주셧어요,22.05.01.
63,늘쓰는 치약 불편하게 매울정도는 아닌데다가 개운하고 상쾌해서 너무 좋아요,22.04.30.
64,항상 쓰는 덴티스테 치약~ 우리가족 모두가 이치약없이는 양치한것같지도않고해서 모두 이것만 찾아요! 개운함이 오래오래가네요,22.04.30.
65,처음 써봤는데 입안이 개운하고 너무좋아요 추천합니다,22.04.30.
66,늘 쓰는 제품이에요 잘 쓰고 있어요👍🏻,22.04.30.
67,저렴한 가격에 좋은상품 잘받았습니다! ㅎㅎ,22.04.30.
68,양치후 개운함에 이치약만 쓰네요^^,22.04.30.
69,계속 쓰다보니 이것만 쓰게 됩니다,22.04.30.
70,제품도 좋고 꾸준하게 쓰고 있어요,22.04.30.
71,처음 사용하 봤는데 만족 합니다,22.04.30.
72,사용전인데 비싼만큼 좋겠죠,22.04.30.
73,써보니 계속 구매할거같아요,22.04.30.
74,배송이 빨랐고 재구매했네요,22.04.30.
75,항상쓰는 제품입니다..최고,22.04.30.
76,덴티스테 만만세…짱,22.04.30.
77,우연히 올리브영에서 사서 써보고극강의 상쾌함을 맛보고 이거만 쓰고있어여.앞으로도 이거만 쓸듯합니다.,22.04.30.
78,빠른배송~좋아요~굿,22.04.30.
79,항상 애용하는 제품! 배송도 빠르고 포장도 잘 되어있어 잘 쓰고 있어요,22.04.30.
80,잊고지내면옵니다22일주문30일도착해외배송인줄 ㅋㅋㅋ,22.04.30.
81,상쾌하고 조아여. 지인꺼 써보고 주문했는데..가격대가 좀더 저렴하면 조을듯함. 구성중 사은품이 빠져있네여~글도 바로 사용원해서 잘 쓸께여,22.04.29.
82,"용량이 엄청 크네요.
솔직히 거품이 많이 안나는데 닦고 나면 확실히 개운하긴 해요.",22.04.29.
83,"거품은 확실히 다른치약에 비해 덜 나는데~
양치 다 하고나면 깔끔한 느낌",22.04.29.
84,쟁여서 계속 쓰고 있는 제품 이빨 닦으면 너무 시원해요,22.04.29.
85,"한번 쓰고나면 이치약 밖에 못 쓴다는
많이 파세요",22.04.29.
86,"대용량으로 늘 애용하는 것
상쾌하고 좋아요",22.04.29.
87,다른 치약보다 입냄새 제거에 훨씬 좋아요.,22.04.29.
88,개운하고 좋네요 ㅎ 또 구매할게요 ㅎ,22.04.29.
89,이름값하네요! 포장은 소박하구요.,22.04.29.
90,배송도 빠르고 상쾌해요.,22.04.29.
91,입안이 개운해서 좋네요,22.04.29.
92,배송 빠르고 좋아요 ㅎㅎ,22.04.29.
93,자주 구매합니다 좋습니다,22.04.29.
94,받아보니 예전에 마트에서 샀던건 160g이네요. 200g에 이 가격이면 정말 저렴하게 구매했네요. 치약은 덴티스테만 쓰는데 앞으로 인터넷에서 구입해야겠어요.,22.04.28.
95,덴티스테 만큼 재구매하고 쓰는 치약은 없습니다. 역시 상쾌해요,22.04.28.
96,항상 쓰는 치약입니다. 너무 개운하고 좋아요. 이거 쓰다가 다른 치약 쓰면 달게 느껴져요,22.04.28.
97,"개운하다고 해서 구매했는데
그닥 별로 ㅜㅜ",22.04.28.
98,"매번 쓰던 제품입니다
저렴하게 잘 샀어요",22.04.28.
99,너무맵지않고딱깔끔하고개운해요,22.04.28.
100,항상 구매해요 최고의 치약,22.04.28.
101,"빠른배송
상쾌하고 좋아요",22.04.28.
102,굿굿좋아요 잘쓰겠습니다,22.04.28.
103,"몇년째 쓰고있어요.
만족합니다.
깔끔한 느낌입니다.",22.04.28.
104,항상 쓰던 치약이라 구매했어요싸게 잘 구매했네요 감사합니다,22.04.28.
105,항상 애용해요 입안이 개운해요,22.04.28.
106,배송빠르고가격이 착하고 아이들이 좋아해요 ㅎㅎ 좋아요,22.04.28.
107,"계속 쓰고있는 제품입니다 이거 쓰면 다른거 잘 못써요
너무너무 좋아요^^좋아요 좋아요^^",22.04.28.
108,상품 파손 없이 잘 받았습니다 시중보다 저렴하게 잘 구매 했어요 항상 쓰는 제품 너무 좋아요,22.04.27.
109,덴티스테쓰다가 다른거 쓰면 약간 불안한? 입냄새도 나고....계속 꾸준히 구매중이예요.,22.04.27.
110,덴티스테만큼 개운하고 깨끗한 치약은 없을듯합니다!!,22.04.27.
111,배송도 빠르고 다좋운데 상품택은왜 떨어져 있나요?,22.04.27.
112,"저희집은 몇년째 사용중^^
다른 치약은 못 써요^^;",22.04.27.
113,역시 덴티스테죠?구매한지 조금 되어서.벌써 끝이보입니다!개운하고 대만족합니다^.,22.04.27.
114,이시림이 조금있는데 전혀시리지않고 좋아요,22.04.27.
115,빠른배송이였어요 소문듣고 구매해봅니다,22.04.27.
116,입안이 상쾌해져서 이것만 사용중입니다,22.04.27.
117,항상 사용중인데 저렴하게 잘구매했어요,22.04.27.
118,"상쾌하고 좋아요
계속해서 쓸거예요",22.04.27.
119,배송은 쪼금느렸지만 잘받았습니다,22.04.27.
120,쟁여두고 씁니다 ㅎㅎ 좋네요,22.04.27.
121,상쾌하니 좋습니다. ! 굿굿!!,22.04.27.
122,입안이 시원하니 좋네요,22.04.27.
123,잘받았습니다 잘닦여요,22.04.27.
124,항상쓰는제품이에요ㅋ,22.04.27.
125,꺌끔하고.배송빨라요,22.04.27.
126,이젠 이거없으면안대,22.04.27.
127,두번째 주문했어요.,22.04.27.
128,사용하던거에요~한번 사용해보더니 게운함을 잊지 못 하네요^-^,22.04.27.
129,입안이 개운하고 시원하고 입냄새를 잘 잡아주는것 같네요...,22.04.27.
130,좋아요 추천합니다 좋아요 추천합니다 좋아요 추천합니다 좋아요 추천합니다 좋아요 추천합니다 좋아요 추천합니다 ~,22.04.27.
131,생각했던것 보다는 와 좋다 할정도는 아니지만 상쾌해요 조금 비싼면도 없지않네요,22.04.26.
132,"양치후 굉장히 상쾌해요
호텔어메니티로 사용해보고 맘에들어 바로준했어용",22.04.26.
133,"거품이 많이 나지 않고
양치질을 하고 나면 정말 개운해서 좋습니다.
감사합니다~^^",22.04.26.
134,덴티스테가 치약중엔 가장 깨운합니다,22.04.26.
135,배송 넘느려서 다른거사서 썻네요,22.04.26.
136,쓰던제품 이라 믿고 구매합니다.,22.04.26.
137,항상쓰는제품이에오ㅡ 조아용~~~,22.04.26.
138,으아아 진짜 입냄새에 짱좋네요,22.04.26.
139,시원하고 상쾌한 치약입니다,22.04.26.
140,배송빠르구 좋아요!!!,22.04.26.
141,너무 좋습니다. 최고,22.04.26.
142,잘받았읍니다,22.04.26.
143,"항상 쓰고 있는 덴티스테치약 개운 하고 좋아요,
좋은 가격에 구매 해서 잘 사용 하고 있어요
감사합니다^^",22.04.25.
144,"배송 빠르고
사용감이 부드럽고 깔끔하게 닦여서 좋아요",22.04.25.
145,진짜 깔끔하게 닦이고 너무 시원해요. 또 구매할겁니더,22.04.25.
146,금방왔어요 제품 맞아요 사은품 크기가 작긴 하네요,22.04.25.
147,여러개 사서 잘 쓰고 있어요. 늘 상쾌하고 좋아요~,22.04.25.
148,없어서 다른제품 사용했는데 별로라 다시 구매,22.04.25.
149,이 치약만 사용해요 상쾌하니 좋아요,22.04.25.
150,늘 이치약만 씁니다 너무 좋아요,22.04.25.
151,배송빠르고 상품마음에 듭니다,22.04.25.
152,상쾌해서 이치약만써요!,22.04.25.
153,우리공주 이것만써요,22.04.25.
154,개운해서 좋아요. ㅡ,22.04.25.
155,잘 쓰고잇어여~~|,22.04.25.
156,항상느차약이ㅖ요개운하니좋은치약이예요,22.04.25.
157,"입냄새 효과적입니다.
개운하고 좋네요.
가족모두 만족하고 있습니다",22.04.25.
158,"치약이 완전 상쾌합니다.
상쾌함이 오래갑니다",22.04.25.
159,"후기들이좋아서구매했어요
전 기대보다 조금 아쉽네요
입안개운함이 오래가지않는거같아요",22.04.24.
160,친구소개로 사용하고있는데 좋은것 같아요.,22.04.24.
161,아쥬 좋아요 치약 중에서 제일 갑입니당,22.04.24.
162,좋은제품 만족합니다..~~!!ㅎㅎ,22.04.24.
163,아주좋아용늘쓰는거에요,22.04.24.
164,"이번에도 잘 받았씀니다 꾸준이 사용하는 제품이구요~~
감사합니다",22.04.24.
165,전에 쓰다가 잠깐 다른 것들도 써 봤는데 덴티스테만한게 없네요…,22.04.23.
166,"이 치약 너무 좋아요
사용한 다음 부터 입냄새가
안나요~",22.04.23.
167,배송 빨랐고 치약도 사용 후 깔끔해 잘 쓰고 있습니다,22.04.23.
168,사용한지 2일째인데 아직 효과는 못 느끼고 있어요 좀더 사용해봐야 알것 같네요,22.04.23.
169,항이좋구 200미리 저렴하게사서좋아요,22.04.23.
170,깔끔하고 좋네요 .다쓰면 재구매각,22.04.23.
171,개시원 이만한 치약없움,22.04.23.
172,젛아조루다ㅡ후아잦ㅊ,22.04.23.
173,너무 너무 좋아서 샀어요,22.04.23.
174,입냄새 없애는데는 이게 최고예요 화이트닝은 안되서 아쉽지만. 잘때 이 치약쓰면 아침에 일어나서 입안 텁텁한거 1도 없어요 좋아요,22.04.22.
175,치약을 여러번 바꿔왔는데 덴티스테쓰면 다른치약으로 안바꿔도 될것같아요^^ 남편도 좋다고하네요~ 잘쓰고 또 구매하러올게요 좋습니다~,22.04.22.
176,향도 좋고 이가 개운해요. 늘 사용하던 제품이라 믿고 씁니다. 서비스로 20g짜리도 많이 주셔서 유용하게 쓸것같아요.,22.04.22.
177,아침에 입냄새 안나고 용량도 크고 아주 좋습니다..,22.04.22.
178,적립금 있어서 저렴하게 샀어요!,22.04.22.
179,좋은 제품 싸게 구입했습니다,22.04.22.
180,배송빠르고 상쾌하고 좋아요,22.04.22.
181,계속 이제품만 쓰게 되요ㅎ,22.04.22.
182,생각보다 그냑그래요,22.04.22.
183,한번 써볼려구요!!!,22.04.22.
184,늘 사용하다보니 마땅히 다른 치약을 알아볼 일이 없어요 몇년째 사용하고 있습니다 조금 매워도 상쾌합니다,22.04.22.
185,"항상 사용하는 치약^^ 입냄새 걱정없고,상쾌하여 아이들도 다른건 사용 못 합니다.저렴한가격 고마워요^^",22.04.21.
186,우리집 필수템~너무 조아요~이제 다른 치약은 절대 못 쓸거 같네요,22.04.21.
187,추천받아서 써보려구요 마침 치약도 다떨어져서 구입해봅니다,22.04.21.
188,"배송 빠르고요
매번 쓰는 제품입니다
개운해요",22.04.21.
189,치아에 닿는 향과 부드러움이 너무 좋아요,22.04.21.
190,오.. 놀라운 나의 입냄새가 상쾌해졌어요,22.04.21.
191,저렴하게 샀고 아침 구취도 잘 잡네요^^,22.04.21.
192,역시나 늘 쓰던거에요 정말 좋아요,22.04.21.
193,한번 써보니 이것만 쓰게 되네요,22.04.21.
194,시원하고 좋아요상쾌합니다,22.04.21.
195,개운하고 좋습니다~~,22.04.21.
196,좋아요 배송 빠르고,22.04.21.
197,자주 애용하는 제품입니다 개운함이 좋아서 최애 치약입니다,22.04.21.
198,"오래 써보지 않아 체감적으로 느끼는 큰 장점은 아직 느껴지지 않아요
단점은 뚜껑에 치약이 많이 묻어서 깔끔하지 못해요
쓸때마다 지저분하게 느껴져서 뚜껑만 좀 개선이 되면 좋겠어요",22.04.20.
199,"양치하고 입냄새도 덜 나고
개운합니다
200그램이라서 양도 많고
단점은 가격이 비싸다는 것ㅠㅠ",22.04.20.
200,주변에서 추천하는 치약이라 구매했어요. 일주일정도 사용했는데 좋은것 같습니다.,22.04.20.
201,저렴하게 잘 샀어요! 치약품질은 말할것없지요 ㅎ 좋아요?,22.04.20.
202,항상 이것만 쓰게 되죠. 이 치약만한게 없는것 같아요.,22.04.20.
203,"항상쓰는 덴티스테 치약 입니다.
상쾌해서 좋아요~^^",22.04.20.
204,"배송도 빠르고
일단 믿고 쓰는데
느낌은 좋네요.",22.04.20.
205,늘 좋아서 재구매 의사 별 다섯개요!,22.04.20.
206,상쾌한데 조금 더써봐야알거같아요,22.04.20.
207,다른제품 못 쓰겠어요~완전 굿,22.04.20.
208,생각외로 산뜻하지는 않네요,22.04.20.
209,애용하는 제품이에요,22.04.20.
210,언제나 항상 좋아요.,22.04.20.
211,빠른 배송 감사합니다 ㅋㅋㅋㅋ,22.04.20.
212,첨 써보고 좋아서 재구매 했습니다 딱 한가지 아쉬운점은 뚜껑이 잘 안열려요 ㅜ,22.04.19.
213,지금 처음써봐서 아직 잘 모르겠지만 저렴하게 잘 구매했어요,22.04.19.
214,아이도 편하게 사용하고 있고 저도 잘 쓰고 있어요,22.04.19.
215,양치 후 개운한것이 아주 상쾌하니 좋으네요,22.04.19.
216,닦고나면 입안이 넘 개운하고 치아가 조금씩 하얗게 되는거 같더라고요 암튼 입안이 넘깔끔하고 좋아서 매번 몇회째 쭈~~욱 구매하고 있네요,22.04.19.
217,입안이 개운해요 냄새도 덜 나는거 같구요,22.04.19.
218,항상쓰는치약입니다 다른건 못써요ㅎ,22.04.19.
219,만족하면서 항상 쓰는 제품입니다.,22.04.19.
220,좋아요. 온가족이 사용하고 있어요,22.04.19.
221,"확실히 좋은
치약은 다릅니다 ~",22.04.19.
222,치약은이게제일좋아용~~~~,22.04.19.
223,그냥저냥 아직은 쓰는중,22.04.19.
224,잘쓰고 있습니다요오,22.04.19.
225,덴티스테 항상 다 쓰면 재구매해요 입안이 개운해요,22.04.19.
226,"최고네요 배송은 번개고
본품에 뭔 증정을 이리 줬데요
환장허겄네요 또 시킬랍니다. ^^
번창하셔요",22.04.19.
227,깔끔하고 좋아요. 마침 여행용도 들어있어서 잘 썼어요^^,22.04.18.
228,깔끔해요 입냄새까진 모르겠지만 개운해서 좋아요!,22.04.18.
229,불소없어서 구매했어요 깔끔하고깨운하네요,22.04.18.
230,항상 이용하고 있는 제품입니다.,22.04.18.
231,항싱 쓰는 제품이라 구매했어요,22.04.18.
232,역시나좋습니다재구매하려구요,22.04.18.
233,처음 써보는데 일딴 써볼께요,22.04.18.
234,이 제품만 쓰고 있어요~~~!!,22.04.18.
235,입안이 개운하고 상쾌해요,22.04.18.
236,감사합니다. 잘쓸게용,22.04.18.
237,요제품만 사용해요~~^^,22.04.18.
238,막쓰기 조아요!! ~,22.04.18.
239,늘쓰는거에요 집에도쓰는데 딸한테보냈어요,22.04.18.
240,좋습니다 항상 사용함니다,22.04.18.
241,치아미백효과는 더 오래 사용해봐야 알겠지만 우선은 상쾌하고 좋습니다. 기대가 되는 치약입니다.,22.04.17.
242,"배송은 만족스러운데, 뚜껑이 열고 닫고 사용하기가 불편하네요.",22.04.17.
243,"상품은 좋은데 배송이 일주일이상 걸려서
별하나 뺐어요",22.04.17.
244,늘 가족 모두 안심하고 사용하는 덴티스테 좋아요,22.04.17.
245,입냄새 제거에 좋아요 재구매해서 늘 사용중입니다 덴티스테 주변에서도 많이 사용중이더라고요 ㅎㅎ,22.04.17.
246,아침에 텁텁함 들하고.. 만족합니다.,22.04.17.
247,항상 쓰는 덴티스테 좋아용~^^,22.04.17.
248,게운한 치약~ 너무 좋아요.,22.04.17.
249,온가족 믿고 쓰고 있어요.,22.04.17.
250,이거말골다른거못써요,22.04.17.
251,항상사용하던 치약이라 좋은건 당연한건구 배송도 빠르네요👍,22.04.17.
252,깔끔한 향이 너무너무 좋아요^^,22.04.17.
253,좋죠 머 ㅋㅋㅋ워낙 유명해서,22.04.17.
254,"개인적으로 양치를 하고 나서 입안에 텁텁한 느낌이 나는걸 싫어하는데 덴티스테 치약은 적당히 매우면서도 입안이 개운해지는 느낌이 좋아 정말 잘 사용하고 있는 치약이에요! 같이 주신 미니 사이즈는 여행갈때 가지고 다니면 정말 좋을것같아요ㅎㅎ
배송도 정말 빨라서 좋았습니다!",22.04.16.
255,덴티스테 한번사용하면 계속해서다른 제품은 선택하지 못합니다,22.04.16.
256,"배송 졸라느리고 박스 내부 포장도 개판
이런건 처음보내요",22.04.16.
257,선물받아 사용해보고 좋아서 구매했습니다~,22.04.16.
258,"저희 가족은 이 제품만 사용해요. 양치하고 나면
상쾌하고 깔끔해서 너무 좋아요!!",22.04.16.
259,개운한 느낌 좋긴한데 조금은 매워요,22.04.16.
260,양치후 입안이 깔끔하고 가벼워요~,22.04.16.
261,개운하고 가족들이 모두 만족해요,22.04.16.
262,항상 쓰는 제품..싸게 잘 샀어요.,22.04.16.
263,상품평이 좋아서 구매했습니다,22.04.16.
264,항상사용하는치약넘 좋아요..,22.04.16.
265,치약은 덴티스테죠 짱짱~!,22.04.16.
266,걍 그저그래요......,22.04.16.
267,"처음으로 사용해 보려고 주문했습니다.11일 날 주문해서 15일 날 저녁에 받았네요.파손 없이 잘 왔고요.사용 기한 깁니다!10g 은 24년 06월 10일, 200g 은 24년 10월 06일입니다.향기는 상쾌하네요.사용해 보고 마음에 들면 재구매 하겠습니다.",22.04.15.
268,배송은 쫌 걸리더라고요.제 치아를 위해 비싼치약첫구매 했네요.후기가 다좋길래 구입,22.04.15.
269,먼저 2개 구매해보고 좋아서 5개 재구매했어요. 함께주신 미니어쳐 치약 귀엽네요. 잘쓸께요,22.04.15.
270,양치후 깔끔하게느껴지고 시원하니넘 좋으네요,22.04.15.
271,맵지않고.상쾌하고기분이좋아집니다.강추,22.04.15.
272,좀 입이 화끈하고 예전보다 덜 개운해요,22.04.15.
273,굿 항상쓰는거임요 굿굿쨔앙굿,22.04.15.
274,늘 사용하는 치약입니다. 사용 후 입안의 개운함은 이 치약만큼 좋은겅 없는거 같네요. 좋은 기회에 구매해서 쌓아놨어요. 적립 30%하면 또 구매해야 겠어요. 추천합니다,22.04.15.
275,항상 사용하는 제품이에요-,22.04.15.
276,"개운해요
싸게 잘산듯",22.04.15.
277,용량 많고 좋아요~~,22.04.15.
278,이 치약 너무 좋아옇ㅎ 한번 쓰면 다른 치약 못써요! 배송도 꼼꼼히 잘 포장되어서 오고! 빨리왔어요 다음에 또 구매할게용 ㅎㅎ,22.04.15.
279,이 치약 쓰면 다른치약 못씀 ㅋㅋ 넘 깔끔하고 입안이 개운해져요 쟁여놓고 쓰는 치약,22.04.15.
280,배송빠르고 증정용 치약이 미니미한게 귀엽네요,22.04.15.
281,몇년째 사용중이에요 이거 쓰면 다른 치약으로 못돌아가요^^,22.04.14.
282,"이것 저것 써보니 이 치약이 제일 괜찮아요
많이 파세요",22.04.14.
283,항상 믿고 쓰는 덴티스테 배송도 빠르고 좋았습니다,22.04.14.
284,입냄새는 아침에 조금 있네요 그래도 상쾌해요,22.04.14.
285,"항상 사용하는 치약이에요.
상쾌하고 좋습니다",22.04.14.
286,항상 믿고 구매하는 덴티스테 치약 입니다.,22.04.14.
287,"천연치약들쓰는거있는데
한번주문해봅니다",22.04.14.
288,좋아요. 아이들과 같이 사용하고 있어요,22.04.14.
289,입냄새에 최곤네요 아빠가 좋아해요,22.04.14.
290,입안이 개운함이 오래가고 좋아요,22.04.14.
291,항상 이 치약 쓰는데 만족합니다,22.04.14.
292,자주사용하는제품입니다ㅋㅋ,22.04.14.
293,아주 좋아요! 잘쓰겠습니다,22.04.14.
294,항상쓰던거라 너무좋아요,22.04.14.
295,꾸준히 쓰는 제품 입니다.,22.04.14.
296,항상 이것만 사용합니다,22.04.14.
297,치약 항상 쓰던거입니더,22.04.14.
298,늘 쓰던제품이라 좋네요,22.04.14.
299,상품 맘에들어요~ ^^,22.04.14.
300,잘 도착했어요,22.04.14.
301,"늘 쓰던제품. 떨어져서 재구매했어요
맵지않고 거품도 잘나고 상쾌해요
또 떨어지면 구매해야겠어요",22.04.14.
302,배송빠르고좋어요 ㅎㅎ,22.04.14.
303,"좋아요..좋아요.
진짜루",22.04.14.
304,벌써 5번째 주문입니다 조아요 엄마도 만족하세요,22.04.13.
305,항상 쓰는건데 저렴하게 쟁여서 좋네요,22.04.13.
306,덴티스테 사용하면 다른치약은 못써요,22.04.13.
307,"확실히 아침에 달라요
너무 상쾌해요",22.04.13.
308,평상시 사용하던 것이예요. 재구매율이 높은 것으로 사용 후 개운함이 좋아요.,22.04.13.
309,저렴하게 산것 같아요. 잘 쓸께요.,22.04.13.
310,"매번쓰는거라
입냄새가덜합니다",22.04.13.
311,항상 만족하면서 쓰고 있어요,22.04.13.
312,민트향이 상쾌하고 좋아요,22.04.13.
313,빠르게 배송됐습니다,22.04.13.
314,애용하는 치약입니다,22.04.13.
315,이치약만 사용해요,22.04.13.
316,시원하니 좋아요 용량이 많아서 좋아요,22.04.13.
317,이 치약 쓰고 나서 부터는 다른 치약은 못쓰겠어요. 구취재거에 탁월하고 무엇보다도 다음날 아침에 텁텁하지 않아서 좋아요. 홈쇼핑 보다 저렴하게 구매할 수 있어서 좋았습니다!,22.04.12.
318,"전 이것만 씁니다.
다른거 쓰다가, 도저히 못쓰겠어서.
상쾌함 최고",22.04.12.
319,"배송도 빠르고 원래 쓰던 치약이라 좋아요!
산뜻하고 잘 닦여요!",22.04.12.
320,진짜상쾌하고좋아요^^재구매있습니다,22.04.12.
321,계속 믿고 쓰던제품이에요 좋아요,22.04.12.
322,깨끗하게 잘 닦여요 상쾌합니다,22.04.12.
323,믿고 쓰는 덴티스테 좋습니다.,22.04.12.
324,상품 너무 마음에 들어요,22.04.12.
325,아주 마음에 듭니다 최고,22.04.12.
326,치약은 덴티스테쥬 굿,22.04.12.
327,치약 너무 좋아요,22.04.12.
328,좋아요좋아요좋아요좋아요좋아요종아요 좋아요 좋아요 좋아요,22.04.12.
329,"원래 사용하던 치약입니다!!
다 써서구매했어욤!! 미니미 20그람짜리 2개 생겨서 출장. 여행시 갖고다니기 좋을 듯해요!",22.04.11.
330,"늘 쓰는거에여~
배송이 쫌 걸린거말고는..^^;;
떨어지기전에 들입니다 ~
개운하고 좋아요~~",22.04.11.
331,"역시 치약은 덴티스테입니다!!
배송도빠르고,젤 저렴해용^^~
용량도많아 오래쓰네용^^~!!",22.04.11.
332,양치후 뽀드득한 느낌 너무 좋습니다 사은품으로온 작은 치약 보내주셨는데 다음엔 구매해서 써보려고 합니다,22.04.11.
333,매번 사서 쓰는 제품입니다. 가격이 조금 부담스럽지만 나쁘지 않아요~,22.04.11.
334,입냄새 덜나는거 같다고 어머니께서 죠아하세요,22.04.11.
335,추천받은이후로 이거만 써요 너무좋습니당,22.04.11.
336,제일 저렴하고 배송도 칼이에요!!!,22.04.11.
337,배송도 빠르고 상품 좋습니다,22.04.11.
338,배송이 빠르고 좋았어요,22.04.11.
339,상쾌하고 아주좋아요^^,22.04.11.
340,"미니 치약도 받고 구성이 좋았어요 !!
치약은 덴티스테만 써요 굿굿",22.04.11.
341,덴티스테치약 좋은거 알고있어서 구입합니다. 구강탈취제는 써봤는데 효과가 좋았어서 치약도 기대되네요 뚜껑도 돌려서 여는게 아니라 편할거 같아요,22.04.10.
342,너무너무 좋아요~~ 항상 여기서 사서 쟁여놓고 써요. 이거 쓰다가 다른 치약 못 써요... 구강세정제도 리***보다 덜 곡하지만 깨끗한 느낌도 있어요~,22.04.10.
343,"휴대용으로 좋아요,상큼하고 깔끔한 느낌",22.04.10.
344,계속 사용하는 치약이라 주문했습니다,22.04.10.
345,저렴하게 잘산거같아요 상품도 좋구요,22.04.10.
346,개운하고 좋아서 항상 사용합니다,22.04.10.
347,상쾌하고 양도 많고 만족합니다^^,22.04.10.
348,아주 좋아요 원래 쓰던거라,22.04.10.
349,양치가 깨끗하게 잘 되요!!,22.04.10.
350,매우좋네요~만족해요,22.04.10.
351,상쾌하고 조아여 굿,22.04.10.
352,구취제거에 아주 좋아요 아침에 일어나도 입이 텁텁하지 않아요,22.04.10.
353,이 치약 쓰고나서 다른 치약을 못써요! 매번 살때마다 엄청 쟁여두고 사네요. 선반에 떨어지지 않게 꽉 쟁여두고 잇어용.,22.04.10.
354,향도좋고느낌도좋습니다,22.04.10.
355,재구매입니다 한번써보고 좋아서 계속 덴티스테만 쓰고 있네요,22.04.09.
356,얘 쓰고나서 다른 치약은 못 쓰겠어요. 시원하고 깔끔해요.,22.04.09.
357,3년째 쓰고있어요 초등아들도 개운하다며 이것만써요^^,22.04.09.
358,200짜리는 처음써보는데 크고좋아요 치약은 덴티스테..,22.04.09.
359,민트향이 깨끗하고 양치후 개운한 기분입니다,22.04.09.
360,이것저것 맞는 치약 찾는 중인데 괜찮네요!!,22.04.09.
361,"이것만 써요
상쾌하고 입냄새 잘 잡아줘요",22.04.09.
362,한 번 써보니 좋아서 바로 구매했습니다.,22.04.09.
363,소문이좋아서 사봤어요 기대해봅니다,22.04.09.
364,정말 개운하니 좋네요 많이 파세요~,22.04.09.
365,다른거 쓰다 돌아왔어요 잘쓸게요,22.04.09.
366,민트향이 좋고 양치후 개운합니다,22.04.09.
367,항상 사용하구고 늘 만족합니다.,22.04.09.
368,매운맛 없고 상쾌한 치약입니다,22.04.09.
369,아침까지 후레쉬한 느낌이예요,22.04.09.
370,처음 구매인데 좋은 거 같이요,22.04.09.
371,성분을 믿고 사용하고있어요,22.04.09.
372,개운하게 닦이네요 추천해요,22.04.09.
373,비싸지만 늘 구매하는 제품,22.04.09.
374,이 치약 아니면 못쓰겠어요,22.04.09.
375,치약중에 제일 상쾌합니다,22.04.09.
376,안맵고나무좋아여굿굿,22.04.09.
377,싸게 구입했네요,22.04.09.
378,어머니가 저것만 쓰는데 배송빠르네요. 60g도 추가로 주고 좋을것같아요. 저는 안 써봤지만 써보라고 한통 주셨는데 한 번 써보려고요...,22.04.09.
379,늘 쓰던 제품예요 이젠 다른제품은 사용 못하겠어요,22.04.09.
380,여러가지 치약 번갈아 쓰는데 덴티스테는 꼭 필요한 치약중 한가지입니다,22.04.09.
381,좋습니닿ㅎ만족합니닿ㅎ,22.04.09.
382,일년쯤 쓴거같은데 입냄새가 확실히 없어졌고 양치할때마나 너무 상쾌해요!,22.04.08.
383,가격 대비 좋아요 ! 추후 재구매의사 있습니다 ~~,22.04.08.
384,빠르게 잘 도착했습니다 ~ 재구매 하러 또올께요,22.04.08.
385,입이 텁텁하지 않고 개운하게 잘 닦여집니다,22.04.08.
386,정국이가 쓴다해서 사봤어요 ㅎㅎ 상쾌해요,22.04.08.
387,닦고 나면 입안이 개운해서 좋네요,22.04.08.
388,시원하고 깔끔한 느낌이라 쥬항요,22.04.08.
389,"매번 쓰구 있어요
상쾌하고 좋아요",22.04.08.
390,개운하고 향기도 맘에 들어요,22.04.08.
391,상쾌하고 빠른배송 최고예요,22.04.08.
392,치약은 이것만 쓰고있어요,22.04.08.
393,잘 사용하도록 하겠습니다,22.04.08.
394,잘쓰고있습니다 상쾌해요,22.04.08.
395,잘쓰고있어요~개운해요,22.04.08.
396,"마트에서 하나 사서 사용해보고 좋아서 주문했습니다
작은 치약 하나 서비스 감사합니다",22.04.08.
397,"좋아요.항상 사용하던 치약있었는데 지인집에가서 사용하고나서 얼른 바꿨어요.양치하고나면 개운해요.양치할때도 시원한 향과 개운함때문에 제대로 양치한 느낌이 드네요.배송빠르고 제품이상없이 왔어요.
또 떨어지기전에 주문할께요",22.04.07.
398,"남은 치약이 많이 없어서 주말에 주문했는데
오늘 받았으니..나흘만에 받아보네요.
급해서 시켰는데 폭망!",22.04.07.
399,"부모님이 보내드렸어요~~
제가 사용하든거라서~~
상쾌해서 좋아요~~",22.04.07.
400,몇년째 재구매하며 사용중이예여.입안이 개운해서 좋아여,22.04.07.
401,항상쓰는 치약이예요 용량하고 가격 좋아요,22.04.07.
402,배송도 빠르고 제품도 좋아요 번창하세요,22.04.07.
403,항상 쓰고 있는 치약 정말 좋은 제품이죠,22.04.07.
404,치약이 엄창 크네요 오래잘쑤겠어요,22.04.07.
405,서비스로 주신 마스크팩 잘쓸께요,22.04.07.
406,시원해유 금방 쓰는거거같네유,22.04.07.
407,특가로 저렴하게 잘 샀네요,22.04.07.
408,저렴한 가격으로 샀네요.,22.04.07.
409,거품도 잘나고 개운하네요...인터넷 치약 성공이네요,22.04.07.
410,항상 잘 쓰고 있습니다. 너무 맵지 않고 개운합니다,22.04.07.
411,늘사용하는건쟁겨두고사용해요,22.04.07.
412,"항상 애용하는 치약이에요~~
이 치약 쓰다가 다른 치약 사용 힘들어요~",22.04.07.
413,조아요조아요조아요조아요조아요 조아요조아요조아요조아요조아요 조아요조아요조아요조아요조아요,22.04.07.
414,잘 쓰는 치약이라 주문했습니다! 공식사이트에서 사는게 훨씬 심적으로 편해요!,22.04.06.
415,"양치하고 나면 입안이 상쾌해요,, 재구매해서 쓰고 있어요",22.04.06.
416,"늘 쓰던거라 좋은가격에 구매했어요
감사합니다",22.04.06.
417,최애 치약입니다. 좋은 가격에 잘 샀네요.,22.04.06.
418,치약은 이제품만 써요 상쾌하고 좋아요,22.04.06.
419,덴티스테로 양치후 아주 개운해요,22.04.06.
420,"재구매해서 꾸준히 사용중입니다
앞으로도 다른제품으로 바꿀생각 없음",22.04.06.
421,늘 사용하고 있어요 조아요,22.04.06.
422,치약좋아요 잘쓰고있어요,22.04.06.
423,개운하고 정말 좋아요!!^^,22.04.06.
424,항상믿고쓰눈제품입니다,22.04.06.
425,항상 잘사용중에 있어요,22.04.06.
426,"좋은제품
잘받았습니다",22.04.06.
427,치약은 이게 갑이죠 !,22.04.06.
428,다른것 써봤는데 얘가 넘 좋아서 다시주문요 ㅎ,22.04.05.
429,유통기한 길고 좋은데 배송이 좀 더뎠네요.,22.04.05.
430,매일쓰던 치약인데 재구매 해요^^,22.04.05.
431,상쾌해여 입냄새안나서 조아여,22.04.05.
432,개운하고 깔끔한 느낌 좋아요,22.04.05.
433,깔끔하니 좋네요. 감사합니다,22.04.05.
434,냄새도 안나고 좋네요,22.04.05.
435,시린점없이 개운해요,22.04.05.
436,배송빠르고 잘왔어요,22.04.05.
437,감사함돠 잘 씅게용,22.04.05.
438,잘쓰겠습니당!!!!,22.04.05.
439,항상 쓰는 제품인데 여러 곳에서 가격 비교해봤는데 여기가 제일 저렴해서 잘 산것같아요! 물론 지금도 잘쓰는 중!,22.04.04.
440,아직 남아있는데 가격이 좀 저렴하게 나와서 집에 쟁여놓으려고 또 구매했어요,22.04.04.
441,항상잘쓰고있어요 !!입안이 확실히 개운하고 좋아요 성분도 좋구요 !!,22.04.04.
442,배송 지연 문자 왔는데 그것보단 일찍 도착했어요. 잘 쓰고 있습니다,22.04.04.
443,늘 사용하는 제품으로 양치 후 개운함을 느끼고 있어 좋았어요.,22.04.04.
444,구취때문에 이것만 써요 100%는 아니지만 도움은 되는것같아요,22.04.04.
445,그렇게 시원하고 좋다는 느낌은 없네요 그냥 일반 치약이예요,22.04.04.
446,늘 사용하는 제품 입냄새 치아도 깨끗하게 상큼 입니다,22.04.04.
447,향이좋고늘가격에만족 시키고잇어요,22.04.04.
448,이제는 요고 아님 다른거 못써요~~,22.04.04.
449,전 덴티스테만 사용한답니당~~,22.04.04.
450,시원해요 좋네요 잘쓸게요,22.04.04.
451,"이만한. 치약이없어요
재구매만 여러번ㅡ온가족 최애치약입니다",22.04.04.
452,향이좋고가격이착해여,22.04.04.
453,배송두빠르고좋아요.,22.04.04.
454,"상쾌해요
이것만써요",22.04.04.
455,간지템임ㅎ 넘 좋음,22.04.04.
456,향이좋아여 싸게삼,22.04.04.
457,"개운한느낌
넘좋아요좋아요",22.04.04.
458,늘 쓰던 제품이에요 아침에 입냄새 안나요. 밤에 양치하고 자면요.,22.04.03.
459,전에 쓰던 치약은 거품이 잘안나오는 제품이였는데 덴티스테는 거품 잘나서 좋아요~ 양치하고나서 개운하고 좋은것같아요~ 서비스 작은 치약샘플 귀엽고 여행가서 쓰기 편할것같아요~좋습니다,22.04.03.
460,이거쓰다가 다른거 못 쓰겠습니다 진짜 평생 써야할듯,22.04.03.
461,믿고쓰는 치약입니당 ㅎㅎ,22.04.03.
462,재구매 의사있어요!!,22.04.03.
463,"정말 개운하고 좋아요!
늘 구매할때마다 만족도가 높네요
잘쓰고 있어요~ 또 구매할게요!",22.04.03.
464,구석구석 닦이는 느낌이며 텁텁하지 않고 상쾌함이 오래가요,22.04.03.
465,개운하고 깔끔하고 좋네영,22.04.03.
466,"치약은 늘 이것만 써요 제일 좋아요!
개운합니다!! 다쓰고 또 구매 할게요",22.04.02.
467,취하기 엄청 화하고 깨끗하게 닦여서 좋아요 치석이 없어지는 거 같애요,22.04.02.
468,"다른분사준건데
깔끔하다 마음에들에하네요
감사합니당~~",22.04.02.
469,예전에 쓰고 좋았던 기억에 구매했는데 좋네요~!!,22.04.02.
470,양도 많고 향이특히 너무 좋아 입냄새 싹사라지네요. 가족모두 좋아해요.,22.04.02.
471,좀 맵긴한데 상쾌해요,22.04.02.
472,아주 상쾌하고 깔끔함,22.04.02.
473,항상 이 치약만 사용합니다 사용후 상쾌함으로 만족한제품입니다. 배송 빠르게 잘 왔어요.,22.04.02.
474,"덴티스테치약 써보고 나면 다른치약 절대 못써요.
가격이 비싸서 일반치약으로 바꿨다가 다시 덴티스테 치약으로.. 개운하고 뽀득거리는 느낌의 치약은 이 치약입니다.",22.04.02.
475,다른 치약 이제 못 쓰겠어염 ㅎㅎㅎ 또 주문 할게요!,22.04.02.
476,너무좋아요 너무 추천 매번삽니다,22.04.02.
477,지인이 좋다길래 궁금해서 주문햇습니다 아직 한번밖에 사용안해봣지만 일단 양치후 텁텁함은 다른치약에 비해 덜한것같아 좋네요 ~ 가격이 좀 비싼게 흠이지만 다 사용하고 효과좋으면 재구매할께요,22.04.01.
478,동생이 자주 이를 닦아도 입에 텁텁한증상이 심하다고 해서 전에 선물 받아 사용했던거 기억 나서 이번에 구매하게 되었고 오자마자 동생이사용했는데 개운한느낌이 오래간다하더라구요. 다음에도 계속 구매해서 쓸거같아요~,22.04.01.
479,"적립금으로 보태서 사니 더저렴하게 구매할 수 있어서 좋았구요, 용량이 커서 오래쓸 수있어 좋네요.
아쉬운게 있다면 배송이 살짝 늦었어요.
그거빼곤 굿~",22.04.01.
480,"7년정도 쓰고 있는데
입안이 너무 상케하고
입냄새도 안나고
넘 조아요",22.04.01.
481,"상쾌하고 좋습니다
좀 더 써보고 대량구매 드갈게여 ㅋ",22.04.01.
482,덴티스테만 사용합니다 5년은 넘은것 같아요,22.04.01.
483,매일 사용하면서 나름 만족해 하고 있어요,22.04.01.
484,뚜껑이 좀 빡빡한점만 좀아쉬워요,22.04.01.
485,좋은가격으로구매완료,22.04.01.
486,좋아요 몇년째 씁니다,22.04.01.
487,평소에 쓰던 거라서,22.04.01.
488,아는사람은 잘아는 요치약 올리브영 마트에서도 판매하지만 비싸서 구매을 망설였던 요치약 드디여구매하였습니다 금액도 굿 세품도 굿 입니다,22.04.01.
489,배송은 빠른데 배송상태 별로예요.포장재하나 감싸지도 않고 그냥 보냈네요~,22.04.01.
490,잘받았습니다 감사합니다.,22.04.01.
491,배송 빠르네요 감사합니다.,22.04.01.
492,조아요 조아요 조아요ㅔ,22.04.01.
493,"여기서 덴디스테를 구매해서 사용한지 5년정도 됬는데 이빨이 기존보다

튼튼해진거 같음 이빨 때깔도 전보다 좋아지고 물론 정확한 근거가 있는건 아님 ;

제일 중요한건 어떤 치약을 사용하던 평소에 관리 잘하는게 중요하다고 봅니다.",22.03.31.
494,후기가 좋아서 구매했어요. 배송 빠르고 양도 넉넉하네요.,22.03.31.
495,"치과에서 석션할때 향이 나네요
꾸준히 써보면 좋겠져? ㅎ",22.03.31.
496,자주 사용하기에 만족하네요~개운하고 잘 씻긴 느낌도!,22.03.31.
497,이거쓰다거 다른거못쓰겠어요 넘개운해요,22.03.31.
498,데티스테 너무 만족 스럽습니다 상쾌해요,22.03.31.
499,상쾌합니다. 잇몸이 깨끗이 닦이는 기분.,22.03.31.
500,상품 잘 받았습니당 베리 굿이에용 ㅎㅎ,22.03.31.
501,몇년째 쓰고 있습니다! 매우좋네여!!,22.03.31.
502,비싸지만 좋은치약입니다,22.03.31.
503,덴티스테 치약 딱 좋아요,22.03.31.
504,저렴해서구매함 좋아요,22.03.31.
505,만족스럽고 좋아요 ㅎㅎ,22.03.31.
506,상품 좋아요 강추합니다,22.03.31.
507,양도많고 좋ㅇ아요 !,22.03.31.
508,치약중에 최고에요,22.03.31.
509,믿고 써요 상쾌해요,22.03.31.
510,"덴티스트 늘 쓰고 있 습니다
화이트후레쉬 주문한줄 알았는데 그냥 화이트였네요ㅋㅋ",22.03.31.
511,늘~~사용하는거라 저녁에 양치하고 아침에 일어나면 입냄새안나서 좋아요. 유통기한 24년10월6일 길어요~~항상 재구매 합니다^^,22.03.30.
512,아시는분이 계시겠지만 기분상쾌하고 시원해요~시린증상도 완화되는거같아요,22.03.30.
513,너무 좋아요 잘 사용하고 있어요 이제 다른거 못 쓸꺼같은 ㅎㅎ,22.03.30.
514,"계속 쓰는 치약이에요~
입안이 상쾌하고 개운해서 만족해요^^",22.03.30.
515,입내서가 덜 나는거 같아요 재구매 의향이 있답니다,22.03.30.
516,"치약이 양이 많고
양치후에 입이 시원해요^^",22.03.30.
517,늘 시용하는 제품이라 믿고 구매했습니다,22.03.30.
518,"포장이 영
종이충전재 조금이라도 쓰세요",22.03.30.
519,늘사용하는거에요배송빠르고 좋습니다,22.03.30.
520,배송삐ㅡ르고좋아요 치약은이거만써요,22.03.30.
521,"양치후 개운해요
입냄새도 덜나구요",22.03.30.
522,"2주된거같은데 잘모르겠네요
많이 헹구었는데 아침에 입안이 허물? 그런게 입안쪽에 많이 있어요",22.03.30.
523,좋네요 역시 좋습니다 아직까지요,22.03.30.
524,입안이상쾌하니기분이좋아지네요,22.03.30.
525,항상사용하던거라 믿고씁니다.,22.03.30.
526,잘 쓰고 있어도 또 구매할게요,22.03.30.
527,"이것만 쓰게됩니다
최고예요",22.03.30.
528,가격대비잘샀어요만족해여,22.03.30.
529,자주 쓰든 제품이라 좋아요,22.03.30.
530,"젤 개운한 치약
이것만써요",22.03.30.
531,거의 2년만에 주문했네요.확실히 물가가 올라서 10개로 팔던걸 8개로 줄었네요.그래도 덴티스테만한게 없어서 주문했어요.,22.03.30.
532,잘 구입했습니다 좋아요,22.03.30.
533,깔뜸하고 만족합니다~,22.03.30.
534,배송이 꽤 빠릅니다,22.03.30.
535,입냄가 많이나는 사람한테 권해 드리고싶네요~입안이 상쾌하네요~,22.03.30.
536,"매워요
상쾌해요
!",22.03.30.
537,"계속사용하고있는데,우선양치하고나면좀더개운한느낌,다른치약보다더깔끔하고개운한것때문",22.03.30.
538,원래쓰는거에요. 전 이게 제일 잘 맞는거같아요,22.03.30.
539,개운하고 항상 사용하고 있어요,22.03.30.
540,양치하고나면 시원하고 향도 오래 갑니다. 맵지도 않아서 좋아요! 출장이나 여행갈때 필요한 미니미 사이즈도 같이 구매가능해서 좋아요.,22.03.29.
541,두 번째 구매로 구취에 효과 있어 열심히 사용 중입니다,22.03.29.
542,배송도 빠르고 사용 후 입속이 더욱 개운한 느낌이예요.아이가 사용하기는 좀 매운것 같아요.,22.03.29.
543,"양치후 개운하고, 아이들도 거부감 없이 잘 닦아요.",22.03.29.
544,늘 이것만구매 뽀드득 구취가확실히 적어짐,22.03.29.
545,"치약이 좋다 좋다 이야기만 듣다가 실제로 사용하니
진짜 ㅋㅋ좋습니다 👍",22.03.29.
546,개운하고 상쾌한 느낌입니다.,22.03.29.
547,깔끔하고 향도 좋아요 ㅎ,22.03.29.
548,꾸준히 쓰고 있습니다.,22.03.29.
549,인터넷에서 후기 좋아서 믿고 샀는데 개운하고 좋아요,22.03.29.
550,개운하고 좋아요. 회한느낌이 강하지 않아서 가족 함께 쓰기 좋네요. 초등은 고학년정도 되어야 할ㅈ것 같아요.,22.03.28.
551,"시원한느낌도있고 상쾌해요
계속재구매하게되네요",22.03.28.
552,늘 쓰던 치약 재 구매 입니다,22.03.28.
553,개운하고 잘 닦이네요 다만 치약 나오는 입구가 좀더 넓었으면 낫겠네요,22.03.28.
554,시원하고 조아요 ㅎㅎ,22.03.28.
555,매일 얘만 씁니다!,22.03.28.
556,"꾸준히 쓰고 있는 제품 입니다.
추천합니다.누런치아 깨끗하게 변해서 전 넘 좋아하는 치약 입니다",22.03.28.
557,"재구매입니다.
잘쓰겠습니다.",22.03.28.
558,치카하고 난뒤 개운하고 좋이요,22.03.28.
559,"적당히 맵고 상쾌합니다.
개운함이 좋아요.
단, 사용후 입구쪽에 치약이 묻으면 굳어서
떼어내야하는 점이 좀 불편하네요.
그래도 치약 자체는 만족합니다🤗",22.03.27.
560,"역시 치약계의 명품답네요!!
아침에 구취도 없는편이라 개운하답니다^^
향도 좋구요!!",22.03.27.
561,"딸이 추천해서 구매했는데 좋아요
가격이 쬠만 저렴했으면 해용",22.03.27.
562,늘쓰던치약이므로 상쾌하고 입안이 개운한 느낌이네요,22.03.27.
563,입안이 상쾌하고 아침에 일어났을때도 입냄새 안나요,22.03.27.
564,평이 좋아 주문해봅니다. 개운한 느낌이 좋으네요,22.03.27.
565,양치후 깔끔해요~ 거품도 잘나네요~,22.03.27.
566,치약 이것만쓰는데 좋아요,22.03.27.
567,배송이 이캐 빠르다니,22.03.27.
568,가성비 아주 좋아요,22.03.27.
569,늘 재구매~~~~~~~~~,22.03.27.
570,저렴하게 구매하였습니다 잘사용할께용 감사드립니다,22.03.27.
571,늘 애용하는 제품. .상큼하게 잘 사용하고 있어요,22.03.27.
572,상쾌합니다 좋네요 빠른 배송 감사합니다,22.03.27.
573,"선물로받아서 사용해보고 그후 좋다고 소문난
다른 치약 여러개 사용해보았으나
이 치약 만한게 없더군요
양치후 다음날 아침까지도 상쾌하게 만드는
치약입니다 정착하려구요 ^^",22.03.26.
574,이 치약만 쓴지 몇년째입니다 상쾌하고 돟아요,22.03.26.
575,"200g 맞고, 배송예정일에 딱 도착했습니다",22.03.26.
576,늘 니욘하눈데품 개운해뇨,22.03.26.
577,늘쓰던제품잘구매했어요,22.03.26.
578,치약이 개운하고 좋아요,22.03.26.
579,좋아요.상쾌한 느낌,22.03.26.
580,가족이 재구매하여 사용하는데 사용후 입안이 상쾌합니다,22.03.26.
581,"딸이 미백을위해 주문해달라해서 주문했습니다
두번째 주문이니 울딸이 좋다는거겠죠",22.03.26.
582,늘 쓰던 제품인데 이번엔 11번가에서 주문했네요. 배송빠르고 제품 좋습니다,22.03.26.
583,"만족만족
너무 좋아요",22.03.26.
584,양치후 개운하고 확실히 입냄새 안나서 만족해요 부모님도 사드렸는데 이 제품 쓰니 다른 제품은 개운한 느낌이 없다고 이제품만 사달라고 하시네요,22.03.25.
585,"개인적인 사견이지만, 사용중인 치약중 상쾌함임 최고입니다. 저렴하게 구입하였습니다...",22.03.25.
586,"이제껏 써본 치약 중에 최고!!
다쓰면 재구매 할꺼예여",22.03.25.
587,"양치후 상쾌한 느낌이 부족합니다
조금 아쉽네요",22.03.25.
588,유통기한도 23년까지고 포장은 사진과 같아요,22.03.25.
589,향도 좋고 상쾌해서 기분이 좋아지네요,22.03.25.
590,이젠 다른 치약으로 못가겠어요,22.03.25.
591,몇년째 이것만써요 아주좋아요,22.03.25.
592,늘 쓰는데요 넘 좋아요,22.03.25.
593,아주 잘 쓰고있어요^^,22.03.25.
594,싸게 잘 구했습니다~,22.03.25.
595,진짜 이치약좋네요 추천추천,22.03.25.
596,"한번 써보고 계속 구매하고 있어요
일단 자극적이지 않고 거품도 적당해요
마스크 썼을때 제입냄새도 안나는거 같아요
강추",22.03.24.
597,"아는분 집에 갔다 써봤는데
제가 쓰는 제품 보다 양치 후 개운하고
입냄새도 덜나고 좋아서 구매했네요. 많이 파세요",22.03.24.
598,"이 치약을 알고나서 다른 치약을 못씁니다. 정말 개운하고 상쾌하구요~
입냄새도 안나는거 같고 가족들도 매우 만족하며 잘 쓰고 있어요~",22.03.24.
599,"말해뭐해~
치약은 덴티스테가 최고에요
자고 일어나도 텁텁함이 없고 개운한 입안~",22.03.24.
600,매번쓰는 치약이에요~~! 쓰다가 다른거 쓰면 찝찝해서 미리 쟁여 놓습니다!,22.03.24.
601,"개운해서 좋아요~
예전에 사용하던거라 구매했는데 역시 좋으니요~",22.03.24.
602,"항상 만족하며 잘쓰고 있어요!!
특히 자연스런 치아미백효과는 짱!!",22.03.24.
603,"일단입냄새에좋다고하여
주문했어요
꾸준히사옹해볼게요",22.03.24.
604,"입냄새가 확실히 덜 나는것 같아요
계속 사용하고 싶어요",22.03.24.
605,"늘 쓰던 우리가족치약입니다.
매우 상쾌하고 개운해요^^",22.03.24.
606,늘 쓰던 치약입니다.다른곳보다 저렴해서 바로 샀지요,22.03.24.
607,성분보고 조금 아쉬웠어요 ㅠ 😢 비싸게산건데,22.03.24.
608,한번 사용하고부터는 계속 이것만 쓰게되네요,22.03.24.
609,리뷰좋아서 사용해봤는데 너무 좋네요.,22.03.24.
610,아들이 항상 덴티스테만 사용합니다.,22.03.24.
611,일단 개운함은 기본입니다배송도 빠르고 치약도착하는순간 든든합니다,22.03.24.
612,깔끔하고 안전하게 도착했어요,22.03.24.
613,좋아요 이 치역만 사용합니다,22.03.24.
614,상쾌하고 좋네요 잘쓸게요,22.03.24.
615,열심히 사용하고 있습니다,22.03.24.
616,매번사용하는제품입니딘,22.03.24.
617,할인할 때 사서 좋습니다,22.03.24.
618,항상 쓰는 제품이에용,22.03.24.
619,빠른배송감사합니당.,22.03.24.
620,"덴티스테 치약 최고예요
정말 개운해요
여기 싸요
아들이 이관리를 잘 안해서 덴티스테 치약 선택 했습니다 🙂",22.03.24.
621,"매번 사용하고 있는 상품입니다.
사용하고 니면 입안 개운하고 좋아요.",22.03.24.
622,4년째 이치약만 사용합니다.태국 여행가서 현지에서도 구입하고귀국하고 한국에서 구입해서 꾸준히 사용중인데확실히 개운하고 좋습니다.가격은 말도 안되게 비싸지만요,22.03.23.
623,시원해서 좋아하는 치약인데 총알배송으로 빠르게 받아서 좋아요! 가격도 괜찮고!! 만족합니다!!!,22.03.23.
624,항상 이 제품만 사용해요~ 개운해서 아이들도 잘 스고 있습니다,22.03.23.
625,확실히 이걸로 양치하고 자면 개운한건 있는것 같아요🤗,22.03.23.
626,이제 이거사용안하면 양치안한느낌이 들어요!!,22.03.23.
627,처음 사보는데 배송 빨라서 좋아요!,22.03.23.
628,배송 빠르고 치약 시원하고 즇아용,22.03.23.
629,싸게잘삿습니다 굿굿 아주조아용,22.03.23.
630,깔끔하게닦여서매우만족합니다,22.03.23.
631,입냄새도덜나는것같고 좋네요,22.03.23.
632,좋은가격에 잘 구입했어요,22.03.23.
633,이 치약만 늘 사용합니다,22.03.23.
634,기대하며 사용중입니다~~,22.03.23.
635,상쾌함과 개운함이 오래가는 치약입니다. 계속 요것만 쓰고 있습니다.,22.03.23.
636,쓰던거에요 좋아요태,22.03.23.
637,양치질을 하고나면 깔끔하고 상쾌한 느낌이에요^^,22.03.23.
638,배송 빨랐어요 만족합니다.마스크도 서비스로주셧어요 감사합니다,22.03.23.
639,"사용하고 나면 입안이 깔끔하고 시원합니다.
항상 잘 사용하고 있습니다.",22.03.23.
640,꾸준히 사용하는 치약이에요 다른 것도 써봤지만 결국 덴티스테로 돌아오네용 이젠 정착해보려구요! 사이즈도 커서 맘에 들어요:),22.03.22.
641,쓰던 치약이 아니라서 딸권유로 구매해서 써보니 처음부터 상쾌함과 입안 개운함이 퍼져서 계속 쓰려고요~좋아요,22.03.22.
642,다른 치약 보다 개운하고 산뜻해서 이것만 쓰게 되네요. 200g은 좀 무겁고 160g이 적당한것 같아요. 계속 재구매하려구요.^^,22.03.22.
643,"이 치약을 쓴 후엔 이것만 써요.
확실히 자고 일어났을때 다른 것 같아요.",22.03.22.
644,양치후 넘 상쾌해서 자주 사용하는 치약입니다.,22.03.22.
645,계속 사용중입니다익숙해져 서요,22.03.22.
646,와이프가 사용하는데 좋아요!,22.03.22.
647,늘 쓰는 치약이예요 개운!!,22.03.22.
648,계속 사용하는 상품 굿~~,22.03.22.
649,최고의치약 너무좋아요,22.03.22.
650,포장 배달 모두 좋아요,22.03.22.
651,크네용~잘써볼게요!,22.03.22.
652,"치약중에서는최곱니다
저렴하게샀네요
만족합니다",22.03.22.
653,입안이 개운해지니 참 좋아요 단 가격만 좀 내린다면 좋겠네요,22.03.21.
654,매번 쓰는거에요! 작은것도 여행할때 좋아요,22.03.21.
655,이거 쓰면 딴것보다 훨씬 더 개운합니다,22.03.21.
656,"비싼값을 하는 치약입니다

좋아요",22.03.21.
657,좋아서 항상 재구매해요!!,22.03.21.
658,음..생각보다 개운하고 상쾌한 느낌 화한느낌이 덜했어요,22.03.21.
659,늘 사용하는 치약이에요 개운하고 상쾌하고 좋아요,22.03.21.
660,"홈쇼핑서 많이들 판매하고 주위에서도 사용 하길래 주문했어요
나름 괜찮은것 같아요",22.03.20.
661,"처음써보는 상품인데 치솔 후 깔끔한 느낌이 나고 좋아요
입냄새도 덜 나느것 같고요",22.03.20.
662,"항상 쓰고 있는 제품이라 제구매?어요
안쓰셔본 분들은 꼭 써 보세요",22.03.20.
663,꾸준히 쓰는제품인데 가격이 좀 올랐네요,22.03.20.
664,좋아요 깔끔하고 상쾌해요,22.03.20.
665,"잘 받았습니다
좋아요오",22.03.20.
666,치약 잘 쓰고 있습니다. 다 쓰면 재구매하겠습니다:),22.03.20.
667,덴티스테 아니면 못쓰겠어여! 근데 쓰다보면 점점 묽게 변하는건 왜그런걸까여ㅠㅠ,22.03.19.
668,"계속 찾게되는 치약입니다.
다른제품 쓰다가도 생각이나네요.
상쾌함은 최고",22.03.19.
669,원래 쓰던거라 최저가 검색해서 구매했어요! 이 치약 너무 좋아요,22.03.19.
670,늘쓰던 제품이라 떨어져서 재주문하는겁니다,22.03.19.
671,항상 이것만 써요 저렴하게 잘샀습니다.,22.03.19.
672,좋다고 해서 구매 해요. 사용 해볼게요,22.03.19.
673,치약이 비싼 값을 해서 주문했습니다,22.03.19.
674,아주 좋고 시린이가 좋아졌습니다,22.03.19.
675,화한느낌 깨끗한 치약 넘 좋아요,22.03.19.
676,너무좋아요.치아가 상쾌해요.,22.03.19.
677,항상 쓰는 제품이에요 ㅎㅎ,22.03.19.
678,항상쓰는제품 잘쓸게요~^^,22.03.19.
679,늘쓰던거라 좋아요ㅋ,22.03.19.
680,아주 개운하고 개운 합니다~~,22.03.19.
681,잘써고 있어요 ㅋㅋㅋ,22.03.19.
682,치약은 여기만 써요 ㅎㅎ 주변 사람들에게도 선물해주고 추천해줬는데 모두 좋다고 하네요 :),22.03.18.
683,써보니 좋은것같아요 확실히 입냄새도 마니 안나구요 시원한 향까지 굿!! 잘 쓸께요,22.03.18.
684,주위에서 추천해준 상품이라 구입하게 ?는데 좀 더 신중하게 구입할것을 사용해보니 불폄함을 느끼게 되어 아쉽습니다.,22.03.18.
685,입냄새 확실히 줄어요~ 이곳에서 저렴히 잘 샀습니다,22.03.18.
686,개운하고 향긋해요 무엇보다 아들이 더 좋아합니다~~,22.03.18.
687,저렴한가격에 구입했어요ㅡ치약은 이제품만씁니다,22.03.18.
688,항상쓰는거예요~다른곳보다 저렴하게산건같아요!,22.03.18.
689,항상 쓰는 제품인데 저렴하게 구매해서 좋아요.,22.03.18.
690,상쾌하고 입안이 개운해서좋아요,22.03.18.
691,늘 쓰던건데 200g이 나왔었네요~~,22.03.18.
692,받아보니 아주 마음에듭니다,22.03.18.
693,좋아요 늘 이것만씁니다,22.03.18.
694,매번 쓰던거라 좋아요!,22.03.18.
695,항상쓰는데 넘 좋아요,22.03.18.
696,자주 애용합니다~^^,22.03.18.
697,배송도 빠르고 가격도 좋아요. 사용 해 본 치약 중에 제일 좋아요.,22.03.18.
698,잇몸이 좋지않아 구입했는데 효과 기대해봅니다.원래 치약 박스없이 오나요?2개 덩그라니 들어있네요,22.03.17.
699,"늘 사용중인 치약입니다 저렴히 구입햇어요^^
시원하고 개운해요",22.03.17.
700,"만족합니다
시중에 파는 거랑 비교해봤을땐 훨씬 나은거같네요",22.03.17.
701,두개씩 담아 선물하고 저도 사용중인데 재구매 할겁니다~,22.03.17.
702,매번쓰는거예여 상쾌한 덴티스테! 올영보다 싸다!,22.03.17.
703,좋아요 입냄새절대안나고 꾸준히재구매해서싸요,22.03.17.
704,많이 맵지않지만 닦고 나면 개운함이 오래가요.,22.03.17.
705,배송지연으로 기다렸지만 상품은 만족해요,22.03.17.
706,이치약쓰다 딴거못써요개운함이 달라요,22.03.17.
707,믿고 쓰는 제품 저렴하게 구입했어요,22.03.17.
708,배송이너무ㅠ빠르고 샘플감사해요,22.03.17.
709,항상 쓰는거예요. 너무 좋아요~~,22.03.17.
710,이 치약만 쓰게되네요 조아요.,22.03.17.
711,항상 쓰던거라 만족해요오옹,22.03.17.
712,"산뜻하고 순한느낌
좋아요",22.03.17.
713,아직까지 사용이....,22.03.17.
714,유럽 약사들이 추천한 제품이라서 만족합니다 적극적으로 추천합니다,22.03.17.
715,ㄷㅂㄴㅂㄷㄴㅂㄷㄴㅂㄷㅂㄷㅅㅂㄷㄴㅂㄷㄴㅂㄷㄴㅂㅈㅂㅈㅅㅂㄴ,22.03.17.
716,저희쓰는것 써보시고 엄마가 주문해달라셨어요 향도 맘에 드신다고,22.03.16.
717,"늘 쓰고 있는 치약입니다. 향이시원하고
입안이오랫동안상쾌해요",22.03.16.
718,가족들이 너무 만족해요. 꾸준히 구매할려구요,22.03.16.
719,상쾌하고 좋아서 덴티스테만 씁니당,22.03.16.
720,"이치약은 5년째 사용하는 치약입니다.
누군가 저에게 물어본다면 개운함.비흡연.흡연 남자.여자 가릴것 없는 치약이죠.",22.03.16.
721,평소 쓰던거라 할인할때 샀어요~^^,22.03.16.
722,"가격이 좀 비싸서 받자마자 사용 해봤는데
대 만족 입니다
앞으로 쭉 사용 할것 같아요
감사 합니다.",22.03.16.
723,배송빠르고 포장 꼼꼼해요,22.03.16.
724,저렴한 가격에 잘샀어요,22.03.16.
725,역시 좋네요~~~ㅋ,22.03.16.
726,너무 강하지도 약하지도 않지만 양치후 개운한 느낌이 참 좋은 치약~~적립금으로 좋은 상품 좋은 가격에 득템이네요^^,22.03.16.
727,요제품 좋다고 해서 구입했어요.좋았으면 좋겠어요.,22.03.16.
728,좋아요 좋아 입냄새 제거에 좋아요,22.03.16.
729,싸게잘삿어요ㅎㅎㅎㅎ,22.03.16.
730,이제 치약은 이거로 정착했어요 가격이 조금 비싸긴하나 그만큼 만족해요,22.03.15.
731,"입안이 확실히 개운하네요
치약 나오는 입구가 좁아서 불편한 점은 입어요",22.03.15.
732,항상 덴티스 치약만 사용하는데 아무래도 깔끔한 느낌이 좋아요,22.03.15.
733,"좋은거 같아요..
강하게 맵지도않고 꾸준히 사용해 볼께요",22.03.15.
734,울식구들이프레쉬함을좋아해서더구매해잘사용중입니다,22.03.15.
735,"항상 쓰는 제품이예요
입안이 너무 상쾌해요",22.03.15.
736,싸고 좋습니다 이거말고는 이제 못 쓰는듯,22.03.15.
737,남편이 이 치약만 써서 매번 주문합니다,22.03.15.
738,역시 좋아요. 양치후 개운하고 뽀득해요.,22.03.15.
739,아주개운해요.재구매의사 있음,22.03.15.
740,원래쓰던치약 잘구매했어요,22.03.15.
741,여기치약만써요 너무좋아욥,22.03.15.
742,좋아서 다시 재구매합니다,22.03.15.
743,"깔끔하고 좋아요
개운해요",22.03.15.
744,콜게이트 쓰다가 바꿔봄,22.03.15.
745,넘 좋습니다 대체불가,22.03.15.
746,시원하거 좋네욭ㅎ헤,22.03.15.
747,좋아요 ~^^ 첨써보는데 생각보다 괜찮아요~^^,22.03.15.
748,좋아요괜찮아요맘에들어요,22.03.15.
749,개운하고 깔끔하고 좋아요,22.03.15.
750,상쾌하다 상쾌해 너만 쓴다,22.03.15.
751,"이 치약을 넘 좋아해서 자주 주문하는데 한가지 단점이 다 쓰고 끝부분을 쓰려면 좀 불편해요
가위로 자르고 보면 몇번을 더 쓸양인데 잘 안나와서 좀 그러네요",22.03.14.
752,"종류가 너무 많아져서 고민했는데
전에 쓰던걸로 구매했어요
아침에 일어나면 확실히 구치가 덜 해요
단 미백은 좀 ...
그래요",22.03.14.
753,"다들 덴티스테 좋다고 하길래 처음써봤는데,,,진짜 시원하고 완전 굿!",22.03.14.
754,"아주 좋아요~ 다른 치약과 분명한 차이가 있어요
양치후 개운하고 아침까지 상쾌하고 중독성 강해요",22.03.14.
755,뽀득한 느낌이 나고 좋지만 거품이 잘 안나서 아쉽네요.,22.03.14.
756,써본 치약중 최고예요 양치를 하고나면 뽀드득 개운합니다,22.03.14.
757,늘 사용하던 제품 이고 아침에 입냄새 들 납니다,22.03.14.
758,사용후개운하고입냄새가나지않고상쾌합니다,22.03.14.
759,늘사용하던 제품여서 또 재구매입니다 강추,22.03.14.
760,항상 쓰는 치약입니다. 상쾌하고 깔끔해요.,22.03.14.
761,항상쓰던건데 여기가제일싼거같아용ㅎㅎ,22.03.14.
762,후기보고 구매했어요 입안이 시원하네요,22.03.14.
763,입냄새안나고 정말최고인거같아요,22.03.14.
764,사용감이 좋아 재구매 하였읍니다.,22.03.14.
765,입안이 깔끔해서 이것만 씁니다~!,22.03.14.
766,늘 쓰던거 최저가로 사갑니다,22.03.14.
767,개운하고 좋은것같아요,22.03.14.
768,잘 받았습니다. ㅋ,22.03.14.
769,시원해융 ~~~~~,22.03.14.
770,늘 쓰던거에요. 비싸지만 1개당 은근 오래써요. 근데 배송은 좀 느렸어요.,22.03.13.
771,"제가쓰는 제품엔 못미치는거 같지만
같이 사용하려구요",22.03.13.
772,"부모님이 부탁하셔서 구입했는데 ,매우 만족합니다",22.03.13.
773,자주구매사용하고있는상품입니다.구치제거최고!,22.03.13.
774,아직 써보진않았지만 배송이 일단 빨라서 좋네요,22.03.13.
775,입안이 개운하고 좋아요~4번째 구매입니다,22.03.13.
776,좋은 구성 잘 샀고 배송 빠르게 왔습니다~,22.03.13.
777,"가격대비좋아요, 재구매의사 있어요!",22.03.13.
778,약간 약품냄새가 나는것같아 별로임,22.03.13.
779,생각했던대로 개운하고 좋습니다!!,22.03.13.
780,좋아요.. 치약이것만써요 입냄새굿,22.03.13.
781,매번 떨어지기전에 구입합니다,22.03.13.
782,저렴한 가격에 품질 좋아요,22.03.13.
783,배송 빠르고 저렴하게 잘 삼,22.03.13.
784,깔끔하고 개운하네요~~^^,22.03.13.
785,만족하고 잘샀습니다,22.03.13.
786,"항상만족하는 제품입니다
이가 시렵지 않아서 매우 만족해요",22.03.13.
787,자주 이용 하는 제품입니다. 입안이 개운하면서 상쾌합니다,22.03.13.
788,대용량으로 울집 good템으로 늘 상쾌 믿고 사용,22.03.13.
789,배송도 빠르고 칫솔도 주시니 매우 감사합니다!,22.03.13.
790,"만족합니다.
제품이 좋습니다",22.03.13.
791,"시원합니다
이게 제게는 제일 좋은듯 합니다",22.03.13.
792,아주아주아주 좋아요 마니마니파세요,22.03.13.
793,해외여행갔다가 알게된후 다른치약사용을 못하고 요놈만 사용한지도 몇년째 자고 일어나면 신기하게 냄새가 안나요 ㅎㅎ,22.03.12.
794,"입안이 잘 붓는 편이라 사봤는데, 아직까진 괜찮은거 같아요. 재구매 의사 있어용^^",22.03.12.
795,늘 쓰던거라 주문했는데 유통기한도 길고 좋네요,22.03.12.
796,항상 사용하는 제품 이라 재구매했어요,22.03.12.
797,매번 떨어질 때마다 주문해요 좋습니다,22.03.12.
798,구취제거에 좋다고 추천받아서 샀어요,22.03.12.
799,한번 쓰니까 계속 이것만 쓰게 되네요,22.03.12.
800,선물받아써보고 좋아서 구입합니다,22.03.12.
801,상쾌하고 깔끔한 느낌이 좋네요,22.03.12.
802,양치하고 난후에 깔끔하고 상쾌한 느낌과 오래도록 지속건강에도 최고^^~~,22.03.12.
803,항상 사용하는 상품 적극추천,22.03.12.
804,늘 사용하던 치약이라 좋아요,22.03.12.
805,오랫동안 쓰고있어요 조아요,22.03.12.
806,좋아여 개운해요 잘 쓸께요,22.03.12.
807,입냄새를 확실히 없애줘요,22.03.12.
808,이치약 아주 좋아요.,22.03.12.
809,치냑은 이것만 씁니다,22.03.12.
810,좋은상품 감사합니다,22.03.12.
811,두번째 주문입니다. 양치하고 나면 개운하고 잇몸이 좋아졌어요.~,22.03.12.
812,Good좋아용~~~~,22.03.12.
813,"배송이 하루 뒤에 오고
택배 도 비닐이 뜯어진 상태로 왔네요",22.03.12.
814,좋아요..덴티스트는 최고인거같아요,22.03.12.
815,"양치질하고나면 상쾌하고 시원해서 좋네요
그리고 미니2개는 휴대용으로 들고다니기 편해서 좋아요~~다음에 다쓰면 또 구매할게요~",22.03.11.
816,항상 애용하는 제품입니다. 가격대가 좀 있지만 상쾌하고 유해물질도 없어서 좋아요.,22.03.11.
817,"계속 꾸준히 사용한제품 입이 시원해 좋아
또구매할께요",22.03.11.
818,치아가 상쾌하고 아침에 일어났을 때 기분이 조아요,22.03.11.
819,"항상 쓰던거 저렴하게 잘 샀어요!
감사합니다:)",22.03.11.
820,확실히 달라요.. 치약 아걸루 정착하려구요~!!,22.03.11.
821,좋아여ㅎㅎ 치약이걸로 바꿀려고 삿네용,22.03.11.
822,전에쓰던 퍽퍽한 뚜껑 아니라 좋아요^^~,22.03.11.
823,양치후 상쾌함이 오랫동안 지속되네요.,22.03.11.
824,매일쓰는 제품입니다.상쾌하고 조하요,22.03.11.
825,늘 사용하던 제품 상쾌하고 개운해요,22.03.11.
826,치약은 이것만 써요 상쾌하고 좋아요,22.03.11.
827,배송도 빠르고 상품도 만족스러워요,22.03.11.
828,늘사용하던제품 ~다음에도 구매각~,22.03.11.
829,배송 빠르고 쓰고나면 개운 해요,22.03.11.
830,"역시
덴티스테
매우 만족요",22.03.11.
831,제일 나아요 역시 만족요,22.03.11.
832,챙여놓고 쓰는 치약,22.03.11.
833,개운합니다.~~~^^,22.03.11.
834,"치약은 늘 마트에서 사서 썼는데…광고보고 이것저것 보다가 덴티스테를 첫 구매해봐요!
용량은 마음에 드는데 치약값이 마트용에 비해 꽤 비싼편이네요! 아직 사용전이라 품질은 모르겠고 일단 써본 후 재구매를 할지 결정할것 같아요
상품은 상자에 넣어져 뽁뽁이나 중간 패키지없이도 파손없이 잘 왔네요!!",22.03.10.
835,여러 치약 써봤지만 결국은 덴티스테로 돌아오네요~~ ㅋ.ㅋ 저렴하게 잘 구매했습니다!,22.03.10.
836,"덴티스테 쓰고난 이후부터는 다른치약 못쓰겠어요
제일 상쾌하고 개운해요",22.03.10.
837,"덴티스테는 늘 사용하는 치약입니다
자극적이지 않고 깔끔하고
쿠폰사용해서 젤 저렴히 구입했어요",22.03.10.
838,"오배송 문제가 있었지만
직접 통화된 후 후속처리 빨랐습니다",22.03.10.
839,덴티스테 치약만사용해요 배송도빠르고 상쾌하고 좋아요,22.03.10.
840,"배송 빠르고 좋습니다
텁텁함 없이 상쾌하고 좋아요",22.03.10.
841,치아에 닿는 점도와 향이 매우 좋아요,22.03.10.
842,양치 후 개운함도 좋고 만족합니다ㅎ,22.03.10.
843,진짜 상쾌하고 냄새제거 훌륭합니다,22.03.10.
844,무난합니다. 괜찮네요.,22.03.10.
845,"이것만써요
잘샀어요",22.03.10.
846,스원하고 좋습니다요,22.03.10.
847,치약 품질 좋습니다.,22.03.10.
848,늘 쓰는거라 넘 믿고 쓰는 치약입니다.,22.03.10.
849,"늘 상쾌해서 이것만 사용해요~
담엔 더 많이 쟁여놓아야겠어요 ㅎㅎ",22.03.09.
850,잘닦이구 좋아요배송도 빨라요^.^,22.03.09.
851,"몇년째 이제품만 씁니다
딱히 좋다싫다 그런것보다 제가 워낙 치약에 거부감이 있어서 혀닦을때 구역질을 많이 하는데 이제품은 구역질이 안나서 몇년째 쓰고 있어요",22.03.09.
852,좋은상품 저렴하게 잘삿어요,22.03.09.
853,사용해보니 괜찬습니다,22.03.09.
854,늘 쓰던 제품이라 믿고 구매했습니다~~^^ 상쾌하고 너무좋아요~~ 온 가족이 잘 사용하고 있습니다~~~^^,22.03.09.
855,"잘흐고 있습니다
감사합니다",22.03.09.
856,"원래는 계속 암웨이 썼는데 얼마전 서울**호텔에서 실내에 어매니티로 덴티스테치약이 준비되어있어서 써 봤는데 상당히 사용감이 좋게 느껴져서 이 치약으로 갈아탔어요.
원래 좋은제품 발견하면 오래동안 재구매하기 때문에 더 만족감 좋은치약 나타나기전에 장기로 재구매할거 같아요.
가족 모두 좋아도 하고요.^^",22.03.08.
857,미니 사이즈 치약까지 챙겨주셔서 감사합이니다^^ 배송 완전 빨라요! 잘 쓸게요~,22.03.08.
858,매울줄알았는데 맵지도 않고 허브향도 적어요,22.03.08.
859,"항상 사용하는 제품이예요
아주 만족 합니다.",22.03.08.
860,"배송빠르네욤!
용량도 마음에들고 괜찮아요!",22.03.08.
861,치약은 역시 덴티스테가 최고입니다.,22.03.08.
862,다 써서 또 주문하려구요 좋습니다,22.03.08.
863,좋아요. 이것만 사용하게 됩니다,22.03.08.
864,상쾌하고 좋아요 잘쓰고 있어요,22.03.08.
865,치약 쓰고 잇 몸이 좋아젰어요,22.03.08.
866,이거 말고 다른건 못써요 ㅠ,22.03.08.
867,배송빠르고 물건도 좋아요,22.03.08.
868,이것만 사용합니다.,22.03.08.
869,여러제품 써봐도 이 제품이 제일 나은거같네요,22.03.08.
870,항상쓰던거라 좋아요 빠른배송 감사합니다,22.03.08.
871,좋은제품입니다향도좋고가족들도좋아합니다,22.03.08.
872,배송빠르네요 매번 사용하고 있습니다,22.03.08.
873,잘왔습니다 감사합니다 처음 써보는데 엄청 좋으면 재구매하겠습니다 잘쓰겠습니다,22.03.08.
874,"항상 쟁여 놓고 쓰는 제품입니다
양치후 개우해요. 가격도 GS가 제일 좋아요",22.03.07.
875,"빠르고 깔끔하게 배송왔어요~~
저렴한 가격에 구매해서 만족합니다^^",22.03.07.
876,몇년째 치약은 이것만 쓰고잇어요 다른거 쓰면 찜찜하달가ㅠ,22.03.07.
877,늘 쓰던 제품입니다 입냄새완화에 좋아요 특히 아침에 자고 일어나면 입안이 개운하고 냄새가 덜 나서 좋은것 같아요,22.03.07.
878,아직안써봤는데 깔끔하게포장도잘되서 잘왔어요~~,22.03.07.
879,항상 잘 사용하고 있어요. 휴대용으로 쓸 수 있는 작은 사이즈까지 들어있어서 여행다닐때도 유용하게 사용할 것 같습니다.,22.03.07.
880,돌고 돌아서 결국은 덴티스테네요ㅎㅎ,22.03.07.
881,배송은진짜느렸어요~ 아직써보진안았지만 써보고 괜찮으면 재구매할게요,22.03.07.
882,치약은 몇년째 이것만 쓰고잇어요!!,22.03.07.
883,"개운한 맛...
항상 쓰고 있습니다",22.03.07.
884,꾸준히 잘 사용하고 있어요~^^,22.03.07.
885,좋아요 항상쓰던거예요,22.03.07.
886,빠른배송너무 좋습니다,22.03.07.
887,너무 개운하고 좋아요,22.03.07.
888,늘 사용 하는 치약입니다 이걸 쓴후엔 다른 치약을 안써봤네요,22.03.07.
889,늘 사용합니다. 남편이 이것만 쓰기때문에 늘 쟁겨둡니다.,22.03.07.
890,다른치약은 못써요 이것만써요 칫솔사은품도 좋네요,22.03.07.
891,자고일어나면 개운함이 달라요~~만족합니다. 보통 세척력이 강한 치약이 마모가 많이되는데 그렇지도 않아서 계속 구매할 예정입니다.,22.03.06.
892,치약은 덴티스테가 젤루 좋은거 같아요. 개운하고 상쾌함도 좋고 꾸준히 사용하는 제품입니다,22.03.06.
893,치약은 덴티스테 무조건 ㅎㅎ 다른거 쓰다가도 다시 이걸로 ㅠㅜ,22.03.06.
894,이를 갔고 나면 입안이 오랫동안 상쾌합니다,22.03.06.
895,저희는 이치약만 쓰고있어요~~넘나좋아요,22.03.06.
896,항상 사용하는 제품 좋아요 산뜻하고요,22.03.06.
897,"오랫동안 여러치약 써봤는데 입냄새며 상쾌함이며 젤 좋은치약입니다
계속 구매해서 쓰려합니다",22.03.06.
898,역시 굿굿 가격은 좀 비싸지만용ㅎㅎ,22.03.06.
899,매일항상쓴ㄷㄴ제품 상쾌함이좋아요,22.03.06.
900,일반 치약하고 크게 다르진 않은듯,22.03.06.
901,"써보기 전인데 좋겠죠?
포장은 별로",22.03.06.
902,상쾌한느낌에늘이제품만사용해요,22.03.06.
903,너무 좋아요! 항상 이것만씁니다~~,22.03.06.
904,늘 쓰던거예요. 만족합니다.,22.03.06.
905,좋네요잘쓸게요비싸요ㅠㅠ,22.03.06.
906,깔끔하게 닦여 늘 씁니다,22.03.06.
907,아침레 입냄새 안나요.,22.03.06.
908,써보는데 넘 좋아요,22.03.06.
909,개운하니 좋네요~~~,22.03.06.
910,역시 이치약이 최고오오오,22.03.06.
911,좋아영~~아주 좋아요,22.03.06.
912,늘 쓰는거라 잘 쓰고있어요 배송빠르고 오프라인엔 잘 안팔고 비싸네요,22.03.05.
913,"저녁에 닦으면 아침까지 상쾌하다는 문구 보고 구매했습니다!
팩도 같이 넣어주시고, 감사합니다!",22.03.05.
914,배송빠르고 저렴히 구입했습니다 유통기한도 넉넉하고 좋아요 항상 사용하는 치약인데 적당하게 개운하니 좋아요,22.03.05.
915,배송도 빨라요 항상 쓰던건데 큰사이즈로 저렴하게 잘 샀어요,22.03.05.
916,항상 쓰고 있어요 천연성분이라 입안이 개운하고 좋아요,22.03.05.
917,몇년째 요제품만구매해서 사용합니다.믿고쓰는치약^^,22.03.05.
918,가격도 합리적이고 배송도 빠르고.... 마음에 듭니다.,22.03.05.
919,배송 이렇게 와서 당황했는데 제품은 안전히와써욤,22.03.05.
920,딸 아이가 제품 써보더니 덴티스테만 찾습니다,22.03.05.
921,쓰는거라 제품은 좋은거 알고 구성이 알차요,22.03.05.
922,늘 애용 하는 제품인데 저렴하게구매했어요.,22.03.05.
923,상쾌함이 오래가고 구내염이 없어졌어요~,22.03.05.
924,리뷰보고 구입 하게되였네요 사용해보니 입안이 산뜻한 기분이네요 잘쓸게요,22.03.05.
925,매번 사용하는 제품이예요 좋아요 !,22.03.05.
926,향기가 상큼하고 오래갑니다튜브도 치약을 짜을때 깔끔하게 처리가 됩니다,22.03.05.
927,늘 쓰던제품 떨어져서 주문했어요,22.03.05.
928,올리브영에서 구입해서 사용했는데 너무좋아서 구매하게되었어요 저렴하게 구매했습니다~,22.03.05.
929,사용하고 마무리감이 좋습니다,22.03.05.
930,양치하고나면 상쾌하네요~!!,22.03.05.
931,하고 나면 개운하니 좋네요,22.03.05.
932,"늘이것만써용
추천합니당",22.03.05.
933,마음에 드는 치약입니다,22.03.05.
934,잘받았어요 감사합니다,22.03.05.
935,평소 잘 쓰고있습니다,22.03.05.
936,빠른배송 좋은품질 굿,22.03.05.
937,상쾌하고 깔끔합니다,22.03.05.
938,너무너무 좋아요 치아미백효과 뛰어나요,22.03.05.
939,사용ㅈㅇ수입안이 깔끔하고 좋아요,22.03.05.
940,좋네요 가족들이 만족해 하네요,22.03.05.
941,"써본거라재구매합니다.
믿고사용합니다",22.03.05.
942,"후기도 보고 지인이 추천도 해서
구매했어요. 미세한 거품이 나고 생각보다 맵지 않고 입안이 깔끔해지는 느낌이 드네요.
마스크 속 숨결이 오래오래 상쾌하길 바라면서
꾸준히 써봐야겠어요.",22.03.04.
943,치약 웬만한거 다써봤는데 이게 제일 좋아요 약사면서 있길래 같이 구매했네요 저렴하게 잘샀습니다,22.03.04.
944,상품은 잘 왔고 좋아요! 다만 완충제 없이 박스에만 넣은 채로 온 점이 아쉽네요,22.03.04.
945,"부모님선물 드렸어요^^
저도쓰고있는 제품이구요 ㅎㅎ
좋아요~!",22.03.04.
946,사용하는것이 남아있어 개봉전이지만 텐티스테치약 좋아요~,22.03.04.
947,매일 쓰던거에요 아침에 확실히 입냄새가 덜해요,22.03.04.
948,철저한 포장이요. 팩도 서비스로 주셨어요 감사^^,22.03.04.
949,늘 쓰던 제품이에요~입안이 개운하고 상쾌해요~,22.03.04.
950,양치후 개운하고 용량별 구성이 좋아요,22.03.04.
951,믿고쓰는 덴티스테 개운하고 시원해요,22.03.04.
952,늘 쓰던거라 너무 잘 쓰고 있어요 최고,22.03.04.
953,너무 좋아요 늘 쓰는 제품입니다,22.03.04.
954,아주 빠른 배송과 깨끗한 포장,22.03.04.
955,항상 잘쓰고 있너요,22.03.04.
956,배송이 빠르네요!! 원래 쓰던 치약이라 믿고 구매 합니다^^,22.03.04.
957,"항상 쓰던거에요
초등 3.4학년도 잘써요
작은건 캠핑갈때마다 유용해요👍👍👍👍",22.03.04.
958,"좋은제품 좋은가격으로 구매했습니다..
빠른 배송도 감사합니다..",22.03.04.
959,항상 개운하고 좋아요 구성이 좋아요,22.03.04.
960,"이거 없음 안돼요
쟁여놓고 쓰네요
개운하고 아침에 상쾌함이 좋은듯
든든해서 엄지 ?",22.03.03.
961,평이 좋아 샀어요 배송 엄청 빠르고 아직 사용 전 이지만 좋을것같아요 ^^,22.03.03.
962,두번째 구입이요...상쾌하구 좋아요.. gs가 젤 저렴하네요... 굿입니다. ^^,22.03.03.
963,"잘 받았습니다 향도 매우 좋구요
추가로 주시는 여행용 치약도 좋아요",22.03.03.
964,다른가 쓰다 충치 왕창 생겨서 돌아왔어요 개운함이 달라요,22.03.03.
965,중간에 다른거 쓰다가 식구들이 덴티스로 다시 돌아오라고해서 결국 다시 이걸로 쓰네요..ㅎ,22.03.03.
966,늘 쓰던거라 저렴하게 구매했습니다.,22.03.03.
967,항상 닦고나면 개운하고 시원해요,22.03.03.
968,늘쓰던제품인데 역시좋아요,22.03.03.
969,확실히 좋아요 상쾌합니다,22.03.03.
970,상쾌하고.케이스도 예뻐요,22.03.03.
971,저는 좋은줄 모르겠어요,22.03.03.
972,입안이 상쾌하고 조아요,22.03.03.
973,이건뭐 이미 유명 /),22.03.03.
974,"치약 짜는 부분에 치약이 많이 묻게되는거 같아요
제가 이상하게 짜는걸까요..?",22.03.03.
975,늘 사용하던 치약 입니다 ㅎㅎ 잘 사용할께요,22.03.03.
976,항상 잘 쓰고 있습니다. 저렴하게 잘샀습니다.,22.03.03.
977,적립금 30프로 좋아요 ㅎ 저렴하게 잘 구매했어요. 용량많고 당분간 치약 걱정 안해도 되겠어요.,22.03.02.
978,많은 치약을 사용 해 봤지만 덴티스터가 제일 좋은것 같아요.,22.03.02.
979,"항상 쓰는 제품 입니다
떨어지기전 꼭 쟁겨 둡니당~",22.03.02.
980,유통기한도 길고 젛아요 항상 사용하던 거에요~,22.03.02.
981,항상 쓰는거에요.. 양치하고나면 상쾌해요,22.03.02.
982,"사용후입안이상쾌하니
매우좋습니다",22.03.02.
983,아직 써보진않았지만 잘받았습니당,22.03.02.
984,우리 딸들은 이 치약밖에 안써요~~,22.03.02.
985,좋아요 자꾸만 이걸 쓰게 됩니다,22.03.02.
986,가장좋다 이게 딴상품 다써봐도,22.03.02.
987,"싸게 잘샀어요.
상쾌하고 좋아요",22.03.02.
988,잘받았습니다 늘 쓰는 치약이,22.03.02.
989,제품좋아서 계속 쓰고있어요,22.03.02.
990,잘 쓰고있어요 입안이 상쾌,22.03.02.
991,배송빠르고 상품도 좋아요,22.03.02.
992,가격 좋을때 사면 좋아요,22.03.02.
993,"빠른배송
제품이 좋습니다",22.03.02.
994,치약은 덴티스테 좋아요!,22.03.02.
995,치약 닦고 나면 개운해요,22.03.02.
996,아주 좋아요,22.03.02.
997,항상잘이용하고 있어요 그리고 저는 정말 너무 너무 좋아요,22.03.02.
998,가격은 세지만 입안이 개운하고 여러번 재구매 했습니다 다 사용후 재구매 할게요,22.03.02.
999,배송빠르고좋네요 감사합니다,22.03.02.
1000,조아조아조아요………,22.03.02.
1001,미니사이즈도 구매하여 사무실에서 같이 쓸 예정입니다.,22.03.01.
1002,저녁 치카하고 입냄새가 아침까지 안나요 이것만써요,22.03.01.
1003,양치하고나면 깔끔한 입안 다음 냄새가 덜나요,22.03.01.
1004,사용할수록 만족스럽네요. 더 구매할 예정입니다.,22.03.01.
1005,너무 개운하고 사용감이 좋습니다~~,22.03.01.
1006,"늘 쓰던제품이예요
상쾌함이좋아요",22.03.01.
1007,두번째구매 개운하고 넘 좋아요,22.03.01.
1008,항상 사용하던 제품예요 추천,22.03.01.
1009,"매번 구매합니다
좋은 제품",22.03.01.
1010,배송도 빠르고 개운해요,22.03.01.
1011,비싸지만 개운합니다,22.03.01.
1012,"다른 제품을 사용 못 하게 하는 덴티스테~~
8년 동안 사용 중인 제품입니다
상쾌!!! 치약 구성이 단일 제품이 아니라 혼합형으로 구성 되었으면 하는 바램입니다",22.03.01.
1013,좋아요 ㅎㅎ 좋아요 ㅎㅎ 좋아요 ㅎㅎ 좋아요 ㅎㅎ 좋아요 ㅎㅎ 좋아요 ㅎㅎ 좋아요,22.03.01.
1014,텐티스테치약을 써서 그런지 치과에 갔는데 다른사람들보다 이가 하얗단 소리를 들었어요.아주 전 좋습니다~^^,22.02.28.
1015,포장도 배송도 좋아요. 그리고 사용해보니 다른거에 비해 깔끔하다는 느낌이 들어요,22.02.28.
1016,"전 이것만 씁니다! 다쓰고또시킬게요^^
입에서 똥꾸릉내가않나서너무좋아요♡",22.02.28.
1017,여러개 써봤지만 다시구입하게되는 제품입니다,22.02.28.
1018,"항상 쓰는 제품입니다
배송도 빠르고 좋아요",22.02.28.
1019,"상쾌한 느낌
아침에 입냄새가 덜나는듯해요",22.02.28.
1020,아침에 이걸로 양치하면 하루가 개운해요,22.02.28.
1021,늘 사용하던 제품이라 믿고 구매합니다,22.02.28.
1022,아주 좋아요. 샘플도 주셔서 좋네요 ~,22.02.28.
1023,"조아요~
안맵고깔끔해욤~~",22.02.28.
1024,매번 쓰는 치약입니다,22.02.28.
1025,배송 빠르고 좋아요ㅡ,22.02.28.
1026,빠른배송 좋아요오!!,22.02.28.
1027,"매번 쓰는 치약인데 아주 만족합니다
네이버에서 구매하니 더 저렴하고 좋네요
많이파세요",22.02.27.
1028,재구매 또 할거에요 이 치약으로 양치하면 이도 많이 시리지 않고 말끔 합니다,22.02.27.
1029,"좋아요
고딩 아이가 한번 사용하더니 계속 사라고…",22.02.27.
1030,입안이 개운한 치약으로는 최고인거 같아요,22.02.27.
1031,"재구매 의사있어요
아주 개운하고 좋네요",22.02.27.
1032,항상사용하는제품입니다..짱좋아요,22.02.27.
1033,좋아요 굿 잘 사용하겠습니다,22.02.27.
1034,예전에 쓰다가 다시 돌아옴,22.02.27.
1035,좋아요 단골입니다,22.02.27.
1036,상쾌함이 좋아요~~~,22.02.27.
1037,비슷한 제품에 비해 가격대가 있어 고민했는데 내구성이 탄탄하고 만족스러워요 길이조절되서 너무 좋네요,22.02.26.
1038,"사뇽한 치약중에 양치후 제일 기분좋은 개운함, 역한 감이 없습니다. 굿",22.02.26.
1039,"벌써 몇번째구매인데
닦고나면 너무 입안이 개운하고좋아요
다쓰면 또구매할께요",22.02.26.
1040,항상 덴티스테 사용합니다 좋아요!!,22.02.26.
1041,양치후 개운함이 오래감~~^^,22.02.26.
1042,항상 좋은치약 감사드려요,22.02.26.
1043,그냥 시원해지자나여 좋음,22.02.26.
1044,개운해서 자주 사용합니다,22.02.26.
1045,좋아요 맘에 들어요,22.02.26.
1046,"상쾌합니다~
휴대용, 중용량, 대용량 모두 실용적이네요",22.02.26.
1047,"무난해요
다만 좀 매운맛이 강해요",22.02.26.
1048,남편 최애 치약이예요ㅎㅎ 덕분에 저도 잘 쓰고 있습니다^^ 상쾌하고 자고 일어나면 다른 치약에 비해 입냄새는 덜 나는것 같아요^^ 쪼매 비싼게 흠이긴 하지만 그래도 효과가 좋으니 쭈~~우욱 사용중이예요~,22.02.25.
1049,다른 제품보다 세균 번식 방지에 더 좋은 것을 알게 되어 계속 사용하러고 합니다,22.02.25.
1050,"역시 치약은 덴티스테에요
입안이상쾌해지고 사용하기 좋아요",22.02.25.
1051,매번 쓰던거예요 구취 오랫동안 안나고 불소도 없는것같아요~,22.02.25.
1052,엄청좋은거같아용 앞으로 이 치약만 사용하겠습니당 ㅎㅎ,22.02.25.
1053,늘 사용하는 건데 요번껀 뚜껑 열기 힘드네요,22.02.25.
1054,평소에 사용하는 덴티스테 치약 너무좋아요,22.02.25.
1055,항상 쓰는 제품을 저렴하게 구매합니다.,22.02.25.
1056,배송 빠르고 가격도 저렴해서 좋습니다,22.02.25.
1057,다른 제품은 못 쓰겠어요~~굿입니다~,22.02.25.
1058,항상쓰는제품 저렴하게 감사합니다,22.02.25.
1059,만족합니다 입속이 진짜 개운해요,22.02.25.
1060,좋아요 항상 구매하고 있어요,22.02.25.
1061,애용하고 있어요. 좋습니다.,22.02.25.
1062,늘~~사용하는 상품입니다,22.02.25.
1063,"포장이꼼꼼해서마음에듭니다
사용해보고재구매할예정입니다",22.02.25.
1064,와이프가 이것만 써요~~^^,22.02.25.
1065,늘 애용하는데 만족해요,22.02.25.
1066,마음에 들어요:) 크네요,22.02.25.
1067,늘 사용한 제품입니다.,22.02.25.
1068,양치 후 상쾌합니다,22.02.25.
1069,최고로 개운한 치약,22.02.25.
1070,개운하고 좋네요 ㅅ,22.02.25.
1071,일반 치약 냄새 역해하는 엄마가 이 치약 샘플 써보시고 사달라셨어요,22.02.25.
1072,써보고좋아서재구매합니다^^ 개운하니 너무좋아요,22.02.25.
1073,"좋아요
좋아요
아주좋아요",22.02.25.
1074,항상쓰는제품이예요.많이 쓰지않고 아이들도 부담없이 쓰고있어요.흠인건 치약이 입구쪽에 많이 묻는게 좀 흠입니다.약간 지져분해지더라구요.매번 휴지로 닦아서 불편하네요^^;;,22.02.24.
1075,"다른 치약에 비해 많이 비싸긴 하지만, 이거 한번 쓰고 나서 그 개운함을 잊을 수가 없네요. 센소다인도 괜찮지만 제겐 덴티스테가 더 맞는 거 같아요.",22.02.24.
1076,이치약 한번 써보면 다른걸 쓸수가 없어요~ 비라지만 입안이 ㄲㅐ운합닏ㅏ,22.02.24.
1077,아직 안써봤는데 주변에서 좋다고 해서 일단 2개만 구매해봤어요,22.02.24.
1078,"싸서 미리 쟁여두고 친구도 주문하라 했죠
잘 쓸게요",22.02.24.
1079,"비싸긴 하지만 믿고 구매합니다.
잘 쓸께요.^^",22.02.24.
1080,빠르게 배송되서 만족스럽습니다,22.02.24.
1081,항상 사용하는 재애제품입니다ㆍ,22.02.24.
1082,"자주 사용했던 상품입니다.
사용후 개운함이 좋아서 다른제품 사용하다가도 또 구입하게되네요.",22.02.24.
1083,용량이 커서 오래 사용하겠네요,22.02.24.
1084,포장꼼꼼 저렴해요 !!,22.02.24.
1085,항상 쓰는 제품입니다.쎄일을 하길래 미리 사놨습니다.,22.02.24.
1086,"구성품이 딱 좋아서 구매햇어요
항상쓰는제품이고 좋아요!!",22.02.24.
1087,제품 좋아요. 늘 쓰는 제품입니다,22.02.24.
1088,치약 여러종류 써봣지만 텐티스테만 유일하게 오래 쓰고있는 치약이예요. 개운하고 강하지 않아서 너무나 좋아요. 항상 쟁여두고 쓰는 치약입니당~,22.02.23.
1089,"덴티스테 치약 평소에도 자주 사용하고 있습니다
지에스 에서 사은품.가격도 제일 좋아요",22.02.23.
1090,"아... 우리나라 국산이 아니었어
매워요 언제 다 쓴데",22.02.23.
1091,"항상 사용하는 치약
첨에는 맵고 쎄게 느껴졌으나..지금은 그런 느낌없이 잘사용해요",22.02.23.
1092,항상 사용하는 제품으로 개운하고 깔끔하네요,22.02.23.
1093,"항상 애용하는 제품입니다,.

상쾌해서 좋아요",22.02.23.
1094,입안이 상쾌하고 좋아서 잘쓰고 있어요,22.02.23.
1095,덴티스테 좋죠 계속 구매하는 생필품.,22.02.23.
1096,항상 쓰던 제품이라 재 구매 했습니다,22.02.23.
1097,아주만족합니다.다시 구매할게요.,22.02.23.
1098,늘 사용하는 치약..감사합니다 ^^,22.02.23.
1099,이 치약만 사용 하고 있습니다~~!,22.02.23.
1100,다른건 못 쓰겠어요~완전대박^^,22.02.23.
1101,깨운해서좋아요.항상사용해요,22.02.23.
1102,개운하고 좋아요 이게 최고,22.02.23.
1103,배송빠르고 잘쓰겠습니다,22.02.23.
1104,꾸준히 잘 쓰고 있습니다.,22.02.23.
1105,배송 상품 만족합니다,22.02.23.
1106,배송빠르고 좋습니다.,22.02.23.
1107,항상 이것만 써요ㅎ,22.02.23.
1108,상꽤 그자체입니다,22.02.23.
1109,"언제나 잘 사용하고 있습니다
상쾌하고 좋아요",22.02.23.
1110,치약은 이걸로 정착했습니다 감사합니다,22.02.23.
1111,치약이에요^^ 이 치약을 잘 씁니다.,22.02.23.
1112,조으다종 조으다종 조으다종,22.02.23.
1113,"전 항상 덴티스테 치약 단골입니다~~~ㅋ
개운함이 좋고 깨끗한 이 원 하시면 ~ 요 제품 추천할께요",22.02.22.
1114,사용하던 치약이라 재구매.. 가격대가 홈표핑보다 저렴해서 좋아요,22.02.22.
1115,"쓰던 제품이라 만족합니다.
개인적으로 20g 3개를 60g 1개로 주시는게
더 나을 듯 하네요",22.02.22.
1116,원래쓰던 치약인데 저렴하게 잘 구매했어요,22.02.22.
1117,입안이 상쾌해요 민트향이랏ㆍ,22.02.22.
1118,저렴하게 잘 샀어요 개운해요,22.02.22.
1119,개운하고 시원해서 좋아요,22.02.22.
1120,두번째 구매...아직은 잘~~,22.02.22.
1121,개운한 치약~~~~~~,22.02.22.
1122,"항상 사용하는 제품입니다
지인에게도 추천했습니다",22.02.22.
1123,항상 쓰던치약이라 여기가 싸길래 여기서 샀어요,22.02.22.
1124,여행가면 사오던건데 여행을 못가니 ㅠㅠ,22.02.22.
1125,역시 좋아요 이것만 써요 재구매 의사 ㅇㅇㅇ,22.02.22.
1126,잘쓰고있어요 ㅎㅎㅎ,22.02.22.
1127,잘받았어요 근데 원래 이렇게 으는건가요? 케이스 없는건지? 물론 내용만 좋으면 되지만 상품에 값어치가 없어 보여요 싼것도 아닌데..,22.02.21.
1128,"역시 덴티스테.. 아침에 입냄새 안 나는 효과는 잘 모르겠지만, 양치하고 난 즉시가 상쾌합니다!",22.02.21.
1129,순한 치약인게 느껴져요 ! 다 쓰면 다음에 또 주문할게요:),22.02.21.
1130,매번 고갹님이 만족하세요 저에겐 서비스 품목이지만,22.02.21.
1131,급한 물건이였는데 배송 많이 늦어져 아쉽네요,22.02.21.
1132,상쾌하고 시원해서 만족하며 사용중이예용.,22.02.21.
1133,개운하고 너무 맵지 않아서 좋아요,22.02.21.
1134,"싸게 구입했네요.
상쾌하고 좋아요",22.02.21.
1135,쓰던 제품이라 믿고 구입합니다.,22.02.21.
1136,"늘 쓰는 제품
애용품입니다~",22.02.21.
1137,후기가 좋아서 구매했어요.,22.02.21.
1138,항상 이 치약만 씁니다.,22.02.21.
1139,좋습니다 잘쓰고있어요,22.02.21.
1140,만족스러워요~~~~,22.02.21.
1141,진짜 몇년동안 계속 쓰고 있는 최애템입니다 너무 너무 좋아요,22.02.21.
1142,재구매 재구매합니다!!,22.02.21.
1143,여러 가지 치약을 써봤지만 텐트 스테 치약이 개운하고 좋은 제품은 못 봤어요 오래오래사용할게요 사업 번창하시고 많이파세요,22.02.20.
1144,항상 쓰던제품인데 할인받고사서 너무 좋은데요...잘 쓰겠습니다...,22.02.20.
1145,하나는 택이 없어진채로 왔네요..? 별도 안전포장이나 그런게 없어서 치약에 먼지같은게 엄청 붙어있어서 불안해여...,22.02.20.
1146,치약은 괜찮은것같은데 배송이 오래 걸리긴했어요~,22.02.20.
1147,배송 빠르고 제품이야 뭐 말할 것도 없습니다,22.02.20.
1148,믿고 재구매 상품입니다 잘 쓰고있어요,22.02.20.
1149,좋아요! 저렴하게 잘 구입하였습니다.,22.02.20.
1150,평생 써본 치약중 가장 개운합니다.,22.02.20.
1151,늘쓰던것 가격만 착하며누좋겟네요,22.02.20.
1152,좋아요 근데 세워두기가 어려워요,22.02.20.
1153,개운하고 좋아요 또구매할께요,22.02.20.
1154,"개운하고, 좋아요 만족합니다",22.02.20.
1155,상쾌하고 뽀도독 맘에들어요,22.02.20.
1156,저렴하게 잘 샀어요 개이득,22.02.20.
1157,상쾌하고 너무 좋습니다.,22.02.20.
1158,늘 쓰던 제품 입니다.,22.02.20.
1159,리뷰보고 샀어요~^^,22.02.20.
1160,"몇년째 쓰고 있어요~~
저렴하게 잘 구매햄ㅅ어요~^^",22.02.20.
1161,너무너무좋아요 이거만 입어여,22.02.20.
1162,"덴티스테 치약만 쓰고 있어요.
이거 쓰고 나서는 다른 치약은 못 쓰겠네요.
상쾌하고 깔끔한 느낌에 우리 가족에게는 최고입니다.
그동안은 계속 160g짜리로 11개 구성으로 구입했다가 200g으로 바꾸었어요. 더 마음에 듭니다.
너무너무 만족하고 추천해요.",22.02.19.
1163,"3년째 쓰고 있는데 개운하고 상큼한 입안 느낌이 좋다.
입냄새도 많이 잡아주고 자고 나서도 입안 텁텁함이 덜 느껴진다.",22.02.19.
1164,"예전에 썼다가 다시 생각나서 구매했습니다.
아침에 확실히 입냄새 덜 나고 좋아요..?",22.02.19.
1165,늘 쓰던 치약을 저렴한 가격에 적립금까지 받고 구매할 수 있어서 좋았습니다ㆍ향도 진하지 않고 개운합니다 ^^,22.02.19.
1166,"평소에 항상 쓰는 제품이고, 양치 후 입안이 아주 개운해서 좋아요.",22.02.19.
1167,첨 사용했는데 입안에 개운함이 느껴지네요~한달은 족히 사용해봐야 알겠지만 상품평이너무좋아서 믿음이 가네요~,22.02.19.
1168,몇년째 이것만 써요 다른 치약은 이제 못쓰겠더라구요ㅋㅋ,22.02.19.
1169,"정말효과있는치약인듯..
사용중 주동이 더러워지는건..^^;",22.02.19.
1170,"늘 믿고 쓰는 제품~ 저렴하게 구입했어요..^^
다른 제품들 보다 개운하고 만족도가 높습니다.^^",22.02.19.
1171,후기가 좋아 구매했어요~ 기대가 큽니다. 잘 쓸께요^^,22.02.19.
1172,암웨이꺼만쓰다가 주위에서 추천하길래 함 사봤어용. 입안이 시원시원 잘닦이는듯,22.02.19.
1173,치야을 보일수도 없고 잘 사용하고 있습니다..,22.02.19.
1174,배송 빠르고 치약은 늘 쓰던거라 좋습니다.,22.02.19.
1175,늘 사용하던 제품! 배송도 빠르고 좋아요.,22.02.19.
1176,좋은데 담재구매할땐 튜뷰형으로해야겠써요치약입구에 치약이덕지덕지 묻어나와서 짜증나요,22.02.19.
1177,원래 쓰던제품 몇개 안남아 구잊했어요,22.02.19.
1178,"배송 빨라요
좋다고 해서 한번 사봤어요",22.02.19.
1179,가격이 착하게 나와서 주문 했습니다,22.02.19.
1180,워낙 유명해서 꾸준히 더 써볼게요,22.02.19.
1181,늘던 제품인데 저렴하게 잘샀어요,22.02.19.
1182,매번 사용하는 제품이에요 좋아요,22.02.19.
1183,개운한게 이게 좋아 계속 씁니다,22.02.19.
1184,상쾌하고 좋아요 항상 쓰는 치약,22.02.19.
1185,제일 상쾌한 치약 써본것중 최고,22.02.19.
1186,빠른배송좋아요.잘 써볼게요.,22.02.19.
1187,좋아요 깔끔해요 잘쓸께여,22.02.19.
1188,여러가지 치약을 써 봤지만 덴티스테 처럼 개운한 치약은 못 봤어요 제품은 더 이상 말할 거 없고 친구처럼 같이 가는 치약,22.02.19.
1189,빠른배송 만족합니다,22.02.19.
1190,"가격이 비싼거같은데 그만한 가격값하는지
잘 사용해보겠습니다",22.02.19.
1191,"덴티스테 치약은 쟁여두고 사용하는 치약입니다,상쾌하고 좋아요!",22.02.19.
1192,언젠가부터 쟁여놓고 쓰고 있는 치약입니다ㆍ튜브의 특성상 조금 남았을 때 짜서 쓰는 게 불편하긴 한데 양치하고 나면 개운하니 좋습니다ㆍ,22.02.19.
1193,매일매일하루세번네번열심히쓰고있어요,22.02.19.
1194,사용하고 나면 입안이 깔끔하고 시원하네요,22.02.19.
1195,"좋은 치약을 홈쇼핑 중 가장 저렴한 가격(할인,적립금 등등)에 구입할 수 있어서 좋았습니다ㆍ이런 혜택이 자주 있었으면 좋겠습니다ㆍ고맙습니다! ^^",22.02.19.
1196,너무너무 상쾌하고 개운해요,22.02.19.
1197,"한번 구매하니 계속구매하고 있네요.
상쾌하고 기분이 좋습니다.",22.02.19.
1198,"재구애구요 용량도크고가격도좋구
양치후개운함은dentist 따로올게없는거같아요
빠른배송감사드려요",22.02.18.
1199,아이들이 거부가 없고 충치예방. 입냄새 방지에 괜찮은듯 좋아서 꾸준히 쓰고 있어요.,22.02.18.
1200,회사 직원이 추천해서 주문했어요 그리고 제가 좋아하는 기업의 제품,22.02.18.
1201,"가격 저렴하고 좋아요..
그런데 끝까지 짜서 쓰질 못해요",22.02.18.
1202,"계속 쓰는 제품이에요~
저렴하게 잘 구매했습니다 ~~",22.02.18.
1203,계속 쓰던거라 떨어질 때 되면 재구매합니다.,22.02.18.
1204,항상 쓰고있는데 입안이 상쾌해져서 좋아요,22.02.18.
1205,거의 다 사용해가네요 또 주문해야겠어요,22.02.18.
1206,정말 입마름이 없이 상쾌함이 오래가네요,22.02.18.
1207,비싼 치약인만큼 효과를 잘 모르겠네요,22.02.18.
1208,싸게 잘 샀어요. 배송도 엄청 빠르고.,22.02.18.
1209,치약이 향기도 좋고 잘 닦기고 좋아요,22.02.18.
1210,배송도 빠르고 상품도 잘받았습니다,22.02.18.
1211,치키치카 할 맛이가 나눈구만!!!!!,22.02.18.
1212,"늦게 배송되었지만
제품은 좋아요",22.02.18.
1213,항상 즐겨쓰는 치약 좋아요,22.02.18.
1214,만족스러워요 잘쓰는 중,22.02.18.
1215,한번 써봤는데 깔끔해요,22.02.18.
1216,입안이 상큼하고 좋아요,22.02.18.
1217,제일 좋은것 같아요,22.02.18.
1218,"유명한 치약이라 믿고 구매햇어요
엄청 개운한거같어요",22.02.18.
1219,"가성비좋아재구매했어요
사은품? 감사합니다.",22.02.18.
1220,배송 빨랐고 상품 좋아요 좋아,22.02.18.
1221,처음써보는데...일반 치약의 개운함은 적지만 텁텁함이 상당히 적고 정말로 구취에는 탁월한것 같아요~,22.02.17.
1222,늘 쓰는 제품입니다 양치 후 상쾌함이 좋다고 애들도 이것만 쓰려하네요 구성이 좋아서 구매했어요,22.02.17.
1223,자기전 양치하고 잤는데 아침에도 입안이 개운해요 계속 주문해서 쓸것같네요,22.02.17.
1224,이거쓰다가 다른치약을 못쓰겠네요 개운함이 확실히 다르고 텁텁함도 없어요,22.02.17.
1225,"상쾌하고 개운함이 오래가요~
낱개만 사서 써보고 좋아서 시켰어요 굿!!!",22.02.17.
1226,향도 좋도 개운하게 잘 닦여지는 것 같아 기분이 상쾌합니다,22.02.17.
1227,늘쓰던제품이거쓰다 다른건 못쓰겠음개운한느낌이 좋아요,22.02.17.
1228,"항상 쓰던거라 믿고 구입했네요 입 냄새가 안
나서 좋아요",22.02.17.
1229,사용감 좋아요~ 마스크 쓰는 요즈음. 딱이에요,22.02.17.
1230,유통기한 2024년까지고 아주 잘 쓸 것 같습니다,22.02.17.
1231,늘쓰던 치약인데 홈쇼핑에서 구매했는데 갑자기 다 떨어져서 급하게 구매했읍니다 치약의 품질은 말할 필요 없는듯요,22.02.17.
1232,자주사용한 제품이라 재구매합니다,22.02.17.
1233,늘 쓰고잇어요~ 개운하니 조아요,22.02.17.
1234,상쾌해서 너무 좋아요!!만족해여,22.02.17.
1235,이 치약만 써요. 배송빨라요,22.02.17.
1236,제일 애용하는 치약입니다,22.02.17.
1237,입안이 상쾌하고 개운해요,22.02.17.
1238,상쾌하고 너무 좋아요,22.02.17.
1239,항상 쓰는 제품 ㅋㅋ,22.02.17.
1240,유명한 치약이라..사용해 보니 무난하게 사용할수 있는 상품입니다,22.02.17.
1241,"계속 이제품만 쓰고 있어요
다른건 못 쓰겠어요..",22.02.17.
1242,부모님께서 늘 쓰시는 치약이에요.다른 치약은 못 쓰시네요~~,22.02.17.
1243,치약 최고 입니다 이것만 쓸듯합니다.,22.02.17.
1244,내돈주고 치약 사보긴 처음이네요ㅋ 명절 선물세트로 받은것도 아직많이 쌓여있는데ㅋㅋ 구취가 얼마나 억제가 될런진 잘모르겠지만..ㅎ 써보고 한달후기 솔직후기로 또남길께요,22.02.16.
1245,상쾌해서 좋아요. 친구가 집에 와서 몇번 써보고 좋아서 따라 샀다네요 ㅎㅎ 다만 용기 뚜껑 열고 닫는게 뻑뻑해서 평소에 안닫고 사용중이에요. 이것만 개선되면 너무 완벽한 치약이 될 것 같아요~!,22.02.16.
1246,"좋다고 하니 한번 써보겠습니다
좋은성분 많이 들어가 있는 것 같긴 해요 설명서 보면",22.02.16.
1247,와 이렇게 성의없이 치약 배송오는 거 처음봐요^^ 안 터져서 다행이네요,22.02.16.
1248,"잘못 주문했지만, 그래도 만족해하며 잘 쓰고있어요. 감사합니다^^",22.02.16.
1249,포장상태가 최악이네요 택도 떨어지고 재구매 하고 싶지 않아요.,22.02.16.
1250,돌고돌아 다시 덴티스테 화이트플러스 씁니다,22.02.16.
1251,다른 치약보다 상쾌해서 자주 구입합니다,22.02.16.
1252,"항상 사용하고 있고
앞으로도 주욱입니다",22.02.16.
1253,"늘 사용하는제품이라 구매했어요
좋아요",22.02.16.
1254,가격도 괜찮고 구성도 좋아요~ 한번 써보고 괜찮아서 재주문합니다~ 잘 쓸게요~,22.02.16.
1255,일반치약보다 사이즈가 커요👍,22.02.16.
1256,가격도 착하고 사이즈고 크고 만족합니다 양치 후 개운하네요 이것만 씁니다,22.02.16.
1257,치약은 이제 이걸로 정착합니다,22.02.16.
1258,치약중에. 최고인거 같아요,22.02.16.
1259,양치후 입안이 깔끔합니다.,22.02.16.
1260,너무 만족하는 상품입니다.,22.02.16.
1261,확실히 입안이 상쾌해요~~,22.02.16.
1262,배송빨라요 추천드립니다,22.02.16.
1263,항상 주문해서 쓰는 치냑,22.02.16.
1264,언제사용해도 깔끔최고,22.02.16.
1265,저렴하고배송도빨라요,22.02.16.
1266,개운함이 너무 좋아요,22.02.16.
1267,개운해서 좋아요~~~,22.02.16.
1268,좋습니다. 좋아요..,22.02.16.
1269,"치약 별 고민없이 이 제품 구매합니다
부담없이 사용하기 편한 제품",22.02.16.
1270,좋은 가격에 좋은 제품을 구입했습니다!,22.02.16.
1271,추천합니다 최고입니다,22.02.16.
1272,좋은가격에 구매했습니다. 빠른배송도 감사합니다,22.02.16.
1273,너무너무너무너무 조아요,22.02.16.
1274,늘 사용하고 있는거라 제품은 좋아요이번 배송은 너무 느리네요,22.02.15.
1275,개운해요. 너무 화하면 부담스러운데 저에게는 적당하네요.,22.02.15.
1276,떨어지기전에 주문하는 상품입니다 다른거 못쓰겠어요,22.02.15.
1277,소개받고 주문했는데 써보니 입이 개운하고 좋아요,22.02.15.
1278,대량구매했구여.남편과딸이프레쉬해서좋아해여~~^^,22.02.15.
1279,화한걸 좋아해서 그런지 이치약 맘에 드네요 ㅎ,22.02.15.
1280,아들이 항상 텐티스테 치약만 사용합니다.,22.02.15.
1281,예전에 사용하고 좋아서 재구매 합니다,22.02.15.
1282,"양치한후 넘 상쾌하고 개운해요
좋아요~",22.02.15.
1283,상큼하고 깔끔해요~~계속쓰고싶은치약,22.02.15.
1284,다른치약보다 확실히 입안개운해요,22.02.15.
1285,쟁여놓고 써요. 좀 비싸긴해요,22.02.15.
1286,늘 쓰는 치약입니다 상쾌해요,22.02.15.
1287,항상 사용하고 있어 좋아요,22.02.15.
1288,뱌고이빠르고상품이조아요,22.02.15.
1289,항상 구매하는제품이에요,22.02.15.
1290,배송굿 써보니 좋아요.,22.02.15.
1291,교환 빨라서 좋았어요,22.02.15.
1292,항상 믿고쓰고있어요,22.02.15.
1293,믿고쓰는제품입니다. 꾸준히 잘쓰겠습니다.,22.02.15.
1294,양치하고나면 개운하고 냄새도안나요,22.02.15.
1295,빠른 배송 감사합니다. 제품도 마음에 드네요,22.02.15.
1296,추천합니다 재구매합니다,22.02.15.
1297,만족해요~~~~만족해요~~~~,22.02.15.
1298,좋아요😀👍😀👍😀👍😀👍😀,22.02.15.
1299,"아이들도 괜찮다고하네요 닦고난후 개운해요
좀더꾸준히사용해볼생각이에요",22.02.14.
1300,치약 이것만 사용해요 양치후 신거먹어도 안 신고 담날 깔끔합니다,22.02.14.
1301,"덴티스테 치약 양치후 상쾌합니다
가격만 조금 착했으면 좋겠네요",22.02.14.
1302,계속 사용하는 제품이라서 좋은 가격 구입으로 했습니다,22.02.14.
1303,ㅎㅎ 좋아하는 치약인데 저렴하게 잘쓸게여,22.02.14.
1304,향도 좋고 양도 생각보다 많아 괜찮아요,22.02.14.
1305,좋은상품 착한가격에 잘 받았어요,22.02.14.
1306,매번쓰던거라ㅠ잘쓰고있어요,22.02.14.
1307,개운해서 좋아요 마니파세요,22.02.14.
1308,자주사용하는데 제품입니다,22.02.14.
1309,빠른배송에 놀랐습니다.,22.02.14.
1310,"늘 쓰는 제품입니다.
다써가서 또 주문합니다.
하지만 200과 160 양의.차이를 못 느끼겠어요.
200트뷰가 얇아요",22.02.14.
1311,우선 치약 자체가 냄새가 쎄지 않아서 좋고 다만 치과 냄새 날수도있어요,22.02.14.
1312,시원하고 좋습니다요,22.02.14.
1313,꾸덕하지만 좋습니다,22.02.14.
1314,아주 만족합니다!!,22.02.14.
1315,아내가 참 좋아하는 치약입니다. 상쾌합니다.,22.02.14.
1316,역시 덴티스테.입냄새도 훨씬 덜해요.이것만 계속 쓰게되요,22.02.13.
1317,"상큼하고개운합니다.
뒤끝이 찝찝한 기분 하나도없어요",22.02.13.
1318,"항상 쓰는 치약입니다
배송도 빠르고 좋아요",22.02.13.
1319,다른제품 돌다가 결국 여기에 정착했어요,22.02.13.
1320,배송빠르고 치약이 넘넘 맘에들어요,22.02.13.
1321,항상쓰는 치약이예요 잘쓰고 있어요,22.02.13.
1322,항상 사용하는거지만 너무 좋습니다,22.02.13.
1323,항시 사용하는 제품입니다 개운하고 좋아요 이치약쓰다가 다른치약 못써요,22.02.13.
1324,계속 구매해서 사용하고 있어요,22.02.13.
1325,잘 쓰고 있어요. 꾸준히 쓸께요.,22.02.13.
1326,텁텁함도 덜하고 상쾌하네요~,22.02.13.
1327,깔끔하고 개운해서 좋아요~,22.02.13.
1328,사용후 개운하고 좋아요.,22.02.13.
1329,질리지않고 깔끔 개운함,22.02.13.
1330,늘 상쾌한 치약입니다,22.02.13.
1331,빠른배송 좋아요ㅋㅋ,22.02.13.
1332,"개운하고 계속 사용하는 제품입니다~
대형마트에서 구매하다가 코로난때문에 대형마트이용하기 조심스러워 인터넷에 검색하여 이사이트에서 구매했는데 배송도 빠르고 좋으네요~
다 쓰면 또 구매할께요~^^",22.02.12.
1333,"사은품으로 작은용량 휴대용 여러개 챙겨주셨어요.
잘쓸게요^^",22.02.12.
1334,늘 쓰는 제품인데. 싸게 잘 산것 같아요~마스크 팩 감사여:),22.02.12.
1335,"배송 빠르고
포장 양호
잘~쓸께요!!!
팩 서비스도 감사~",22.02.12.
1336,항상 주문하는 상품이에요. 상쾌하고 좋습니다~!,22.02.12.
1337,"뚜껑이 깨져서 왔어요ㅜㅜ
그냥 쓰긴하는데...
뚜껑 여닫을때.. 사용하기 불편하네요",22.02.12.
1338,다른 치약들에 비해 개운하고 상쾌해요,22.02.12.
1339,늘 쓰던거고 저렴하게 잘 구매했네요,22.02.12.
1340,사용전인데 좋다고해서 주문했어요,22.02.12.
1341,항상 잘 쓰는 재품이라 만족합니다,22.02.12.
1342,몇년째 덴티스테만 쓰고 있어요잉,22.02.12.
1343,너무 뻑뻑하고 짜기도 힘들어여,22.02.12.
1344,"개운해요
좀더 사용해보고싶어요",22.02.12.
1345,상쾌하고 개운해서 좋아요,22.02.12.
1346,진짜 최고의 치약입니다..,22.02.12.
1347,믿고쓰는 치약~~좋아요~~~,22.02.12.
1348,입안이 환하고 좋아요,22.02.12.
1349,첨써봅니다~~~~~~,22.02.12.
1350,제품 좋습니다. 사용 후 입 안이 개운하고 상쾌합니다.,22.02.12.
1351,"좋아요
개운해요 좋아요",22.02.12.
1352,"믿고구입한 덴티스테치약입니다
구취 미백까지 관리되는것 같아
자주 구매하고 어머님께도 추천했어요
튜브가 빡빡해서 치약짤때 힘들어요
조금 더 부드러웠으면 하는
바램입니다^,~♡",22.02.11.
1353,"쓰던 제품이에요
똑 떨어져서 주문했는데 잘 받았습니다
덴티스테 만큼 개운함이 오래가는 깔끔한 치약이 잘 없어요 :)",22.02.11.
1354,"치약 여러가지 많이 써봤는데
덴티스테 참 괜찮네요
개운하고 깔끔합니다",22.02.11.
1355,입자가 부드럽고 양치후 개운함 재구매 의사 있습니다,22.02.11.
1356,유명한 치약 할인받아 싸게 구매했으네요,22.02.11.
1357,처음 사용해보니 향도 좋고 개운하네요,22.02.11.
1358,좋아요 전에푸터 상용햇어요,22.02.11.
1359,상쾌해서 젤 맘에 들어요!!,22.02.11.
1360,제품 문제 없고 좋아요,22.02.11.
1361,시원한 향이 조아요,22.02.11.
1362,치약에 기대중입니다,22.02.11.
1363,이것만써요,22.02.11.
1364,잘쓰겠습니다 ㅎ감사합니다,22.02.11.
1365,잘 쓰고 있어용 ㅎㅎㅎ,22.02.11.
1366,만족합니다 만족합니다,22.02.11.
1367,떨어지기전에 빨리 샀어요 개운한치약중 최고예요 비싸긴한데 그만큼 좋아요 가끔씩 너무 치아가 마모되는건 아닐까 싶을만큼 매끈해져서 다른치약과 혼용해서 써야하나 생각도 들어요,22.02.10.
1368,매번 쓰는 제품입니다. 입안 상쾌하고 치아 미백효과있는것같아요,22.02.10.
1369,항상 쓰는 치약입니다. 양치 후 깔끔한 상쾌함이 너무 좋아요.,22.02.10.
1370,치약 새롭게 바꿔봤어요 평이 좋아서 믿으며 사용할게요,22.02.10.
1371,인터넷에서 처음 구매하는데 용량 가격 마음에 들어요!!! 다른 제품도 할인해주세요 싸게 잘샀어요~ 번창하세요!,22.02.10.
1372,좋아요 추천합니다. 배송지 바꾸어서 겨우 받았네요.,22.02.10.
1373,"종류별로 사용해보는중입니다
이게 기본인거같네요 아침엔 이거쓰고 저녁엔 다른 종류사용하고있어요 .",22.02.10.
1374,잘사용중 크기가너무컴 조금작았으면해요,22.02.10.
1375,다음날 텁텁하지 않고 정말 개운하고 좋음,22.02.10.
1376,쓰던거에요. 여기가 저렴해서 구매했어요,22.02.10.
1377,입냄새에 짱이에요 양치하고 개운해요,22.02.10.
1378,항상 쓰던 치약을 싸게 구입했네요,22.02.10.
1379,항상쓰는 치약이에요 ㅋ좋네요,22.02.10.
1380,온 가족이 잘 사용하고 있어요,22.02.10.
1381,아직사용전 잘써보것습ㄴㄱ다,22.02.10.
1382,치약중 젤 좋아요 개운합니다,22.02.10.
1383,치약 네이버 검색 1위 이길래 구입해봅니다. 한달 써보고 리뷰 쓰겠습니다.,22.02.10.
1384,가격은 비싸지만 개운해요~,22.02.10.
1385,부드럽고 상쾌함이 좋아요,22.02.10.
1386,치약 시원하고 좋아요,22.02.10.
1387,사용할수록 좋으네요.,22.02.10.
1388,늘쓰는상품 조아요^^,22.02.10.
1389,늘 사용하는 제품..빠른 배송 감사합니다,22.02.10.
1390,일년치 치약이 왕창 새해부터 치약복 왕창ㅎㅎ,22.02.10.
1391,그냥그냥그렇네요그래도 잘쓰고ㅎ ㅎ,22.02.10.
1392,배송빠르고 좋아요 좋아요,22.02.10.
1393,"개운한 느낌이 나서 가족 모두 사용하네요. 잘 받았지만, 비닐이 아닌 박스에다 포장해주면 더 좋았을텐데 아쉬움이 남네요.
뚜껑이 깨지지는 않았지만, 비닐포장이여서 배송시 부주의하게 다루면 깨질 수도 있어서요.",22.02.09.
1394,"10년째 쓰고 있는 치약이에요~
처음접했을때부터 지금까지 변함없이 상쾌하고 깔끔한 느낌이 너무 좋아요~~",22.02.09.
1395,항상 쓰는 제품입니다. 가격이 좀만 더 저렴했음 더 좋을 것 같아요.ㅎ,22.02.09.
1396,"200미리는 처음 써보는데 크고 좋으네요
구성이 딱 필요한 사이즈만 있어서 얼른 겟 했네요",22.02.09.
1397,"늘 쓰는 치약 너무 좋아요 ~
향도 개운함도 굿",22.02.09.
1398,너무 강하지않고 항상 사용하는 제품입니다,22.02.09.
1399,치약냄새가 강하지 않으면서 개운해요,22.02.09.
1400,"양치시 개운하고 좋아요
시린이에도 좋은거 같아요
아이들도 잘사용하네요 텁텁함이 없어 좋네요",22.02.09.
1401,치약중 최고네용 ㅎㅎ 이것만 써요,22.02.09.
1402,포장이 깔끔해요. 잘 받았습니다.,22.02.09.
1403,"입냄세가 많이 줄어요.
상쾌해요.",22.02.09.
1404,가성비 저렴해서 주문했습니다.,22.02.09.
1405,항상 쓰는거지만 만족합니다,22.02.09.
1406,"재구매제품
감사합니다",22.02.09.
1407,재구매 예정입니다!,22.02.09.
1408,좋아요 추천합니다.싸게 잘샀어요 늘쓰는건데 효과도 있어요,22.02.09.
1409,치약 요것 사용하다가 다른 것 못사용해요.강츄,22.02.09.
1410,총알배송 감사합니다,22.02.09.
1411,이거 한번쓰면 이거만 쓰게됨,22.02.09.
1412,늘 잘쓰고 있는 치약이라 쿠폰먹어여 쟁여뒀어요 아침에 일어났을 때 입이 텁텁하거나 교정유지장치끼시는 분들한테 추천해요!,22.02.08.
1413,입안이 자극적이진 않은데 오래 개운한 듯 합니다.적은 양으로도 충분히 양치가 가능해서 생각보다 오래 사용할 수 있네요,22.02.08.
1414,항상사용하는제품이에요. 배송도 빠르고 포장도 좋았어요.,22.02.08.
1415,재품이야 좋은건 다 알것같구요. 상쾌해서 좋아요,22.02.08.
1416,"아직 안써보았는데
치약 정착했으면 좋겠어요~",22.02.08.
1417,"10년 넘게 사용하고 있는데요
항상 만족해요",22.02.08.
1418,효과가 있는 치약이라 계속사용중,22.02.08.
1419,"시원하고 상쾌하고
깔끔한 느낌들어서 계속 사용하는 치약입니다.
좋아요~",22.02.08.
1420,써봤던 치약중에 최고입니다,22.02.08.
1421,처음 써보는데 괜찮습니다,22.02.08.
1422,배송 안전하게 잘왔어요,22.02.08.
1423,상쾌하고 배송 빨라요,22.02.08.
1424,"맨날 사용하는거에요.
배송이 엄청 빠르네요~ 다음날 옴 ㅋ",22.02.08.
1425,상쾌하고 가뿐하고 느낌이 있네요,22.02.08.
1426,애들이 사용하고 맘에들어 합니다 만족합니다,22.02.08.
1427,좋아용 내가 너무 많이 좋아해,22.02.08.
1428,부드러운거품에~민트향이좋고~많이맵지않아서닦고나면상쾌합니다.입냄새제거에탁월^^,22.02.07.
1429,혼자 사용하는 거라 이정도면 충분히 오래 쓸수 있어요 저렴하게 잘 구매했습니당,22.02.07.
1430,"항상사용하던건데 인터넷에서 처음 주문해봐요
배송 빠르고 가격도 좋네요",22.02.07.
1431,좋아요 다음에 또 주문할 듯합니당 배송도 빠르고 넘나 좋은것,22.02.07.
1432,늘사욭하던가지만 상쾌하고 깔끔해요,22.02.07.
1433,덴티스테 치약만 쓰는데 역시 좋아요,22.02.07.
1434,가족들이 이 치약만 써요 좋습니다,22.02.07.
1435,인기있는 만큼 써보니깐 좋네요~~,22.02.07.
1436,우리집 애들 너무 좋아해요,22.02.07.
1437,덴티스테만 씁니당ㅋㅋ,22.02.07.
1438,상쾌하고 너무 좋아요,22.02.07.
1439,좋은거 같습니다. .,22.02.07.
1440,이제품 쓰다 다른제품은 못쓰겠어요.. 성분도 좋고 계속쓰려구요,22.02.07.
1441,"항상쓰는겁니다
고맙게 잘쓰고 있습니다",22.02.07.
1442,항상 사용하는 치약인데 이제까지 사용했던 치약 중 최고입니다,22.02.07.
1443,부모님께서 쓰시는거라 빨리배송되어 감사합니다.,22.02.07.
1444,배송엄청빨라요ㅎㅎ좋아요,22.02.07.
1445,개운해요ㅎㅎㅎ^^~~,22.02.07.
1446,다른거 쓰다가 다시 사용하게 ?는데 역시 너무 좋네요,22.02.06.
1447,"가격싸고 2번째 구매입니다.
부자되세요 사장님!^^",22.02.06.
1448,"아아 1위하는 이유가 있군요.
만족합니다",22.02.06.
1449,"치약은 덴티스트!!!
개운함이 오래갑니다",22.02.06.
1450,늘쓰던거라 다른거 못써요 ㅎ,22.02.06.
1451,제품 가성비가 너무 좋아요,22.02.06.
1452,사용하면 입이 깔끔해져요,22.02.06.
1453,매우 상쾌해서 좋네요,22.02.06.
1454,"개운한 느낌에 꾸준히 사용하고 있습니다
뚜껑부분이 진짜 불편하지만... 감안하고 사용중입니다",22.02.06.
1455,"치약은깨끗하게다뤄야해야할텐데아무렇게나던져넣은것같아기분이?지않아요
박스도뚫려있고요
그래도반품은귀찮아그냥씀니다ㅠㅠ",22.02.05.
1456,"늘 애용하는 치약임다 다른걸로 바꿨다가 다시 돌아왔네요 개운하고 깔끔합니다
구성이 알차고 가격도 좋네요",22.02.05.
1457,맵지 않고 깨끗하고 산뜻한 기분에요. 가성비가 좋은거 같지만 너무 비싸요,22.02.05.
1458,아직써보진않았지만 후기도 좋고 많이들 사용하는것같아서 사봤네요~~,22.02.05.
1459,써본 치약중에는 덴티스테가 제일 깔끔해서 좋더라구요. 휴대용 치약도 하나 더 와서 좋았어요,22.02.05.
1460,"암웨이 쓰다 바꿔봤는데 괸찬은거 같긴해요
조금 더 써봐야 할거같지만 나쁘진 않은거
같네요",22.02.05.
1461,아직 양치 안해봤지만 엄청 좋을 것 같은느낌,22.02.05.
1462,오랜만에 다시 사본 덴티스테 잘 쓸게요,22.02.05.
1463,치약 향이 건강한 느낌입니지,22.02.05.
1464,늘쓰던거 계속잘 쓰렵니다..^^,22.02.05.
1465,상쾌하고 개운하네요 좋아요,22.02.05.
1466,빠른배송으로 잘 받앗어요!,22.02.05.
1467,쓰던 치약이라 주문했어요.,22.02.05.
1468,성분좋아서 매번 이것만삼,22.02.05.
1469,싸고 양 많아요 감사해요,22.02.05.
1470,남편이 항상 이것만써요,22.02.05.
1471,빠르게 잘 받았습니다.,22.02.05.
1472,배송빠르고 제품도굿,22.02.05.
1473,좋아요~좋습니다:),22.02.05.
1474,잘 쓰고있어요~~~!,22.02.05.
1475,상쾌하고 좋아요 다른거써봐도 이게 젤 좋은거 같아요~~,22.02.05.
1476,"아직 신혼이라ㅋㅋ
항상 쟁여두는 제품이예요~
혹시나 아침에 일어나고 입냄새나면ㅋㅋ 곤란하니깐ㅋㅋ",22.02.05.
1477,좋아요..입냄새두 잡아주고 개운한 느낌이예요..항상 사용하고 있어요,22.02.04.
1478,"양치후에 상쾌하고 깔끔해서 좋아요.
이번에 저렴하게 구매했어요",22.02.04.
1479,항상 사용하던 제품이라 가격은 사악해도 잘쓰고 있어요,22.02.04.
1480,항상 잘 써요 저렴하게 삿어요 배송 진짜 빨라요,22.02.04.
1481,치약은 이것만 쓰고 있는데 상쾌하고 좋습니다.,22.02.04.
1482,"넘 좋습니다 ㅎㅎ
상쾌하고 양도 많고
잘 쓸게요",22.02.04.
1483,비싸긴해도 깔끔하고 맛이 안 남아서 좋아요,22.02.04.
1484,개운한지는 잘모르겠어요 텁텁하던데,22.02.04.
1485,양치질후입안이상쾌해서기분좋아요,22.02.04.
1486,배송 진짜 빠르고 제품 좋아요,22.02.04.
1487,재주문이에요 너무 좋아여,22.02.04.
1488,상쾌해요. 배송 빠릅니다.,22.02.04.
1489,뽀드득개운하게닦입니다,22.02.04.
1490,빠른배송 고맙습니다,22.02.04.
1491,입냄새도 잡아주는것같고 상쾌해요. 다만 뚜껑 열때 조금 불편해요.,22.02.04.
1492,"마누리가 쓰던거라 구입합니다.
잘 쓰겠습니다. ^^",22.02.04.
1493,좋아요좋아요좋아요 좋아요 😀,22.02.04.
1494,"진짜 치약유목민이였는데 와최고
마스크 껴서 침냄새 시른데 그것마저 잡아줌",22.02.03.
1495,전부터 계속 쓰던거 재구매했는대 입안이 깔끔하고 좋아요,22.02.03.
1496,"매번 쓰는 치약 이예요ㅋ
덴티스테 없으면 안되에~~~~",22.02.03.
1497,"항상 만족하는 제품입니다, 배송도 바로 왔어요",22.02.03.
1498,3년째 쓰고있는데 다른건 못쓰겠어요~~,22.02.03.
1499,"상쾌하고개운해요
강추합니다",22.02.03.
1500,"늘 재구매사용중
만족합니다",22.02.03.
1501,좋아요 👍 깔끔합니다 ^^,22.02.03.
1502,아직 좋은지 모르겠어요,22.02.03.
1503,좋습니다 만족스럽네요,22.02.03.
1504,아주 개운하고 좋아유,22.02.03.
1505,싸게 잘산듯요~~,22.02.03.
1506,배송 겁나빠르고 사은품으로 팩도주셧어용🥰🥰,22.02.03.
1507,지인이 좋다고 해서 구매했는데 입안이 개운하고 좋아요,22.02.02.
1508,"항상 쓰던거라 만족하며
쓰고 있어요~~",22.02.02.
1509,좋아요 유통기한듀 2024년으러 길어요,22.02.02.
1510,좀더 써봐야겠지만 느낌 괴안해요~^^,22.02.02.
1511,항상쓰고있엉노 입안이상쾌해요!!,22.02.02.
1512,양치후에엄청깔끔해요~,22.02.02.
1513,늘 쓰는제품이라 구매,22.02.02.
1514,상쾌해서 추천하고 싶은데 뚜껑 캡이 너무 빡빡해서 열기가 힘듭니다,22.02.02.
1515,상쾌하고 좋아요 전에 써보고 좋아서 오랜만에 재구매했어요,22.02.02.
1516,사용감이너무좋 포장도 너무 좋아요,22.02.02.
1517,"애용하는 치약입니다. 양치 후 상쾌,뽀득해요",22.02.01.
1518,사용하던 제품인데 만족합니다,22.02.01.
1519,좋아요배송빠르구요짱,22.02.01.
1520,배송이 빨라요 늘사용하는 치약이라 구매 하였습니다 감사합니다,22.02.01.
1521,사용 후 진짜 상쾌해요! 뚜껑열기가 조금 힘든데 적응함,22.01.31.
1522,선물했는데 좋다고하네요,22.01.31.
1523,그냥 ㄱㅊ은거같기도함,22.01.31.
1524,좋아요 입냄세저거완전좋아요,22.01.31.
1525,굳굳 네 좋습니다 굳굳굳,22.01.31.
1526,"원래 사용하던거라 항상 만족하며 사용합니다~
양치하고나면 입안이 상쾌해서 좋아요
배송도 빠르고 사용기한도 24년10월로 넉넉하네요",22.01.30.
1527,주변추천으로 샀는데 살짝 맵기도하지만 다른치약보다 훨씬 상쾌한느낌이 들어 만족합니다,22.01.30.
1528,좋아용!!! 매번 쓰던거 저렴하게 구매 했습니당,22.01.30.
1529,항상 만족하면서 쓰고있어용~~^^구성이좋아요,22.01.30.
1530,젤 개운해서 치약은 이것만 써요ㅋ,22.01.30.
1531,개운하고 잘 닦여서 쟁였습니다,22.01.30.
1532,역시 최고에 치약 입니다,22.01.30.
1533,좋아요 적극 추천합니다,22.01.30.
1534,입 냄새 제거에 특히 탁월하다고 생각이드는 제품 이라고 생각합니다,22.01.30.
1535,일단 두번 써봣는데 느낌은 좋은것 같아요.더써봐야 알겠지만 ㅎ,22.01.29.
1536,입안도 상쾌하고 너무 좋아요ㅠㅠ 담에 또 구매할게얌!!,22.01.29.
1537,"처쓰쓰고나선, 계속 이것만 씁니다~
깔끔~ 개운~ ㅊㅊ",22.01.29.
1538,항상 쓰던것 좋은 가격에 구매해서 좋아요,22.01.29.
1539,걍 입이 깔끔해서 😀 상쾌해요,22.01.29.
1540,좋아요 구취안나고 개운해용,22.01.29.
1541,배송도 적당하고 잘받았네요,22.01.29.
1542,"계속 쓰다보니 좋은건가 싶다가도
가끔 다른 집에 가거나 밖에서
급하게 닦을때 다른 치약 쓰면
세삼 이 치약이 개운하고 잘 닦인다는
느낌이 드네요~
화한 느낌도 과하지않고요ㅎ
뚜껑만 좀 잘 열렸으면 좋겠어요
늘 뚜껑이 불편하네요ㅠㅠ",22.01.28.
1543,백화점이나 올영에서 구매해서 쓰다 스토어 찾아보니 가격도 매장들보다 착하네요 그런데 포장은 좀 허술하네요 박스 테이핑이 너무 약해요,22.01.28.
1544,거품도 잘나고 사용하기 괜찮아요 그런데 치약이 단맛이 강하네요 뚜껑은 여전히 불편해요,22.01.28.
1545,"최고의 치약이죠 ㅎㅎ 늘 사용한 제품입니다ㅡ, 용량도 크고 좋아요",22.01.28.
1546,배송도 빠르고 제품도 만족합니다. 사이즈는 일반적으로 사용하는 것보다 훨씬더 큽니다. 두고두고 잘 쓰도록 하겠습니다. 굳굳,22.01.28.
1547,"항상 쓰던 제품입니다
아주 좋아요",22.01.28.
1548,저희 집은 항상 덴티스테만 써요^^,22.01.28.
1549,치카하고 나면 입안이 시원합니다,22.01.28.
1550,입안이 잘 마르지 않아서 좋아요,22.01.28.
1551,만족하며 잘 사용하고 있습니다.,22.01.28.
1552,배송도 빠르고 입안 향이 좋아요,22.01.28.
1553,빨리 잘 도착했어요 잘 쓸게여,22.01.28.
1554,깔끔해서 재구매합니다~,22.01.28.
1555,수요일엔 특가하라로 적립금도 받고 저렴하게 구입했어요. 근데 치약뚜껑이 깨져서 온게 있어서..,22.01.27.
1556,"좋아요
만족합니다
계속 재구매 하고 있어요",22.01.27.
1557,항상 쓰던 제품 용량 큰걸로 구매했습니다.,22.01.27.
1558,입덧이 넘 심한데 이 치약은 괜찮네여.ㅎㅎ,22.01.27.
1559,"포인트로 구매.좋네요~~

유통기한도 길고",22.01.27.
1560,온가족이 애정하는 치약입니다. 특히 저는 양치를 자주 하는편인데요 양치할때마다 상쾌함은 이루말할 수 없습니다!,22.01.27.
1561,저렴하게 잘 구매햇습니다~ 좋아요,22.01.27.
1562,순하고 개운한 느낌입니다..,22.01.27.
1563,신랑이좋타고 만족하네요,22.01.27.
1564,입냄새에 특히 좋아요!,22.01.27.
1565,"늘쓰던제품
좋아요...",22.01.27.
1566,좋나노넌오요욘요요요용ㅇ,22.01.27.
1567,개운하고 좋아요! 한번 써보면 다른 치약 못써요~재구매 합니다!!!,22.01.26.
1568,이닦고나면 기분이 상쾌해져요~ 늘 사용하던제품 . 좋습니다,22.01.26.
1569,배송 빠르고 냄새도 좋아요. 쓰고 나면 개운해요,22.01.26.
1570,입안도 개운하고 무엇보다 입냄새가 덜해요.,22.01.26.
1571,"추천 받아서 처음 구매해봤어요
기대됩니다",22.01.26.
1572,매번 쓰는거지만 이곳이 가장 저렴하네요,22.01.26.
1573,상쾌한 기분은 역시 덴티스테입니다,22.01.26.
1574,덴티스테 쓰고는 다른 치약 못 써요,22.01.26.
1575,늘 이것만써요 ㅎ.ㅎ,22.01.26.
1576,입안이 시원해요~~~,22.01.26.
1577,별루 쓰기가 불편하다고 가족들이~ 뚜껑도 잘닫기지 않고 끝까지 쓰기가 힘들다네요,22.01.26.
1578,이치약 쓰다 진짜 딴거 못쓰겠네요 진짜 상쾌하고 개운합니다,22.01.26.
1579,조아조아조아요……..,22.01.26.
1580,제품은 마음에 드는데 타사이트보다 비싸게 구입했네요.,22.01.25.
1581,매번사용하는데 깔끔해요 가격만 착하면 ...,22.01.25.
1582,"늘 사용하는겁니다
만족 입냄새 안남요",22.01.25.
1583,항상 쓰던제품 저렴하게 잘 샀습니다,22.01.25.
1584,"입안상쾌하고 양 많아서 좋아요
다만 뚜껑이 꽉 닫히는 편이라서 열때 조금 불편해요 그래도 좋아요",22.01.25.
1585,"향이 좋아요
치과 소독냄새",22.01.25.
1586,향도 좋고 나름 쓸만해요,22.01.25.
1587,좋은치약~잘쓰고있어요~,22.01.25.
1588,저렴하게 구매했네요...,22.01.25.
1589,늘 쓰던거 싸게샀어요,22.01.25.
1590,좋슺니다 좋습니다 젛습니다 좋습니다,22.01.25.
1591,제가 평소쓰던게 120이었단걸 이제 알았네요 ㅋㅋㅋ 너무나 합리적인 가격에 잘 구매했어요! 작은건 여행용으로 좋을거같아요,22.01.24.
1592,"브리즈먼도 써봣는데, 전 이게 더 나은것 같네요. 덜 뻑뻑한것 같아요.",22.01.24.
1593,"넘 조아용
이거 한번 쓰기.시작하면 다른 치약은
못쓰겠더라구용 ㅎ",22.01.24.
1594,소문이 자자해서 우선 하나만 구매했는데 아주 좋아요,22.01.24.
1595,향이 독하지 않고 성분도 순해서 좋아요!,22.01.24.
1596,아침에 일어났을 때 개운해요,22.01.24.
1597,배송도 빠르고 상춤 좋아요,22.01.24.
1598,많이파세요 감사합니다,22.01.24.
1599,너무 잘쓰고있어요!,22.01.24.
1600,아이낳고 이가 시려서 치약을 이것저것 써봤는데 이 제품이 제일 좋더라구요~그후론 쭈욱~쓰고있네요~양치한 후 상쾌하게 기분좋아져요,22.01.23.
1601,"재구매의사 100%
정말 만족하고 사는 치약이에영
인생치약 ..알아보고 저렴한 가격에 사서 만족스러워여
잘사용하고있슴니당 'ㅅ' 판매자님 감사해용 (하트)",22.01.23.
1602,향도 좋고 아침에 일어나도 입냄새 없어요 재구매 계획 있ㅂ니다 많이 파세요~~,22.01.23.
1603,"항상 쓰는 치약인데 많이 사니 더 저렴하네요
양치후 개운하고 향이 좋아요~~",22.01.23.
1604,배송은 느렸지만 늘 사용하는 재품이라 좋았습니다.,22.01.23.
1605,이전에도 입안이 상쾌해져서 다시 구매해 봅니다,22.01.23.
1606,사용하고 좋아서 지인에게 추천했어요~~^^,22.01.23.
1607,배송도 빠르고 아주 좋아요 또 시킬게요,22.01.23.
1608,언제나 배송 빠르고 제품 너무 좋아요~,22.01.23.
1609,좋은 가격에 구입했어요 감사합니다,22.01.23.
1610,좋은상품 저렴하게 잘 구매했습니다,22.01.23.
1611,치약은 비싸긴해도 덴티스테가 최고,22.01.23.
1612,배송빠르게오고 민트향이 좋아요,22.01.23.
1613,입냄새도 덜나고 정말좋아요,22.01.23.
1614,역시 믿고보는 치약입니다!,22.01.23.
1615,뒤끝이 깔끔해요 이 치약 쓰다 다른 치약 못 쓰겠어요,22.01.23.
1616,"치약은 요것만 씁니다
넘 좋아요 강추합니다~^^",22.01.23.
1617,두번째구매인데 이상품쓰다가 다른 치약 잘 못 쓰겠드라구요 상쾌하니 좋아요,22.01.22.
1618,처음 써봤는데 자극적이지 않고 개운해서 좋네요. 다 쓰면 또 구매할게요.,22.01.22.
1619,"매번쓰는 치약이에요
좋은구성 맘에들어요.",22.01.22.
1620,"아직 써보지 않았는데, 가격은 좀 있네요",22.01.22.
1621,배송도 빠르고 제품도 저렴하게 샀어요,22.01.22.
1622,"늘애용하는 치약입니다
좋아요",22.01.22.
1623,항상사용건데 다른거 잠깐 써보다 다시 써요 이게 제일 게운해요,22.01.21.
1624,입안이개운하고 입냄새도 나지않아 다른분들께추천할만한 상품,22.01.21.
1625,꾸준히 써요~양치후 개운함 땜에 재구매하게 되네요ㅋ,22.01.21.
1626,양치한 뒤에 상쾌함이 다른 치약보다 좋아요.,22.01.21.
1627,상쾌햐고 입냄새가 많이 안나서 좋아요,22.01.21.
1628,돈만큼 하는거 같아요. 잘쓸게요.,22.01.21.
1629,덴티스테야 뭐 말해뭐해요 좋됴,22.01.21.
1630,후기보고 구매했어요. 사용전,22.01.21.
1631,상쾌하고 기분좋아지는 치약,22.01.21.
1632,배송도 빠르고 너무 좋아요~,22.01.21.
1633,구성좋고 가격좋아서 겟!!!!,22.01.21.
1634,굳굳 항상잘쓰고있습니다,22.01.21.
1635,계속 구매할게욥 ㅎㅎ,22.01.21.
1636,"늘 사용하던거라 또 구매해요..
다른 구성보다 가격이 쬐끔 더 저렴했어요~^^",22.01.20.
1637,시원함도 적당하고 달지않은 민트라서 좋습니다 아침에도 깔끔해요,22.01.20.
1638,엄마가 항상 사용하셔서 주문해 드렸어요~~ 배송도 빠르고 좋아요,22.01.20.
1639,늘 사용하고 있어서 좋은상품 저렴하게 잘구매했어요,22.01.20.
1640,늘 쓰던 제품 저렴하게 샀어요 재구매 각입니다,22.01.20.
1641,이 치약은 리뷰가 필요없는 제품입니다,22.01.20.
1642,치약은 덴티스트가 제일 무난합니다,22.01.20.
1643,매번쓰고있는치약이에요 좋아요,22.01.20.
1644,그냥그렇재구매는없을듯별로임,22.01.20.
1645,시원하고 깔끔하니 만족합니다,22.01.20.
1646,사용후 입안의 냄새가 좋네요.,22.01.20.
1647,많이맵지않고 깔끔하네요,22.01.20.
1648,향좋고 양치할맛 납니다.,22.01.20.
1649,휴대용으로 적합합니다.,22.01.20.
1650,잘사용하고 있습니다,22.01.20.
1651,믿고 쓰는 치약이죠 !,22.01.20.
1652,항상 사용하는 상품이예요 떨어지기전에 재구매한거예요,22.01.20.
1653,"꾸준히 수년째 사용해요.
휴대용도 구매해 사용하구요.
인터넷이 훨씬 저렴해요^^",22.01.20.
1654,덴티스테 치약 써봤더니 참 좋네요 ㅎㅎㅎ 이제 다른 치약은 쓰지도 못해요ㅠ,22.01.20.
1655,"다음엔 치약만 많은 구성으로 사야겠어요~
빠른배송 감사합니다",22.01.20.
1656,감사합니다 잘 받았습니다 수고많습니다,22.01.20.
1657,양치한후 항상 잔여 입냄새때문에 고민이였는데 이 치약 쓴 후로 완벽 차단되었어요^^강추합니다,22.01.19.
1658,"작은용량샀는데 매우 빨리쓰네요
다음엔 큰거로 사려구요
치약에 예민한편인데 맘에들어요",22.01.19.
1659,확실히 아침까지 입 안이 덜 텁텁하고 개운합니다.,22.01.19.
1660,후기보고 믿고 구매핮니다 한달뒤에 봐요,22.01.19.
1661,향도좋고 입도개운하고 넘좋네요,22.01.19.
1662,항상 구매해서 쓰고 있습니다,22.01.19.
1663,괜찬네요잘쓰고있음ㅎ ㅎ,22.01.19.
1664,배송은 3일만에 받았습니다. 덴티스테치약 늘 쓰던거라 믿고 씁니다.,22.01.19.
1665,늘~ 쓰는제품 굿~~,22.01.19.
1666,좋다좋다해서 사봤어요 👍🏻,22.01.19.
1667,지인이 선물해줘서 사용했는데 남편이 자꾸 찾아서 구입하게 되네요,22.01.18.
1668,생각햇던거 만큼 시원하거나 하진 않아요 ㅠㅠ,22.01.18.
1669,매일 이걸로 양치합니당 신혼템이에요 ㅋㅋ,22.01.18.
1670,함상 사용하는치약 재구매했어요.,22.01.18.
1671,양치후 상쾌함이 오래지속되요,22.01.18.
1672,항상 구매해 사용하고 있어요,22.01.18.
1673,비싸지만 늘 사게 되는 치약,22.01.18.
1674,늘 쓰던 제품이라 만족해요,22.01.18.
1675,순해요 몸에 해롭지 않았음 해요,22.01.18.
1676,"다른치약썼다가 다시돌아왔어요
정말 제일 좋은거 같아요~~최고^^",22.01.17.
1677,이 닦고 화~~~~~ 한 느낌 너무 좋아요 ㅋㅋ 잘쓸께여ㅛ,22.01.17.
1678,입안깔끔하고 깨끗한데 뚜껑이 잘안열리네요ㅜ,22.01.17.
1679,몇년째 사용중인 치약입니다. 개운하고 좋아요.,22.01.17.
1680,늘 사용하는거에요 할인받아 잘 산거 같아요,22.01.17.
1681,살짝가격이 비싸긴한데 제품은 만족합니다,22.01.17.
1682,입안이 개운하고상쾌하네요 만족합니다,22.01.17.
1683,항상쓰는 치약 또 주문합니당~^^,22.01.17.
1684,"늘쓰는제품,이것만씁니다^^",22.01.17.
1685,이닦고 개유함이 참좋아요,22.01.17.
1686,항상쓰는 제품이라 좋아오,22.01.17.
1687,항상 쓰는 치약~ 좋아요,22.01.17.
1688,치약좋아요상쾌해요굿,22.01.17.
1689,집에 쟁여놓고 쓰고 있습니다..잘 닦이고 깔끔하니 입안이 시원합니다..,22.01.17.
1690,"좋아요
잘 쓰겠습니다",22.01.17.
1691,항상쓰던거에요 좋음,22.01.17.
1692,이 치약만 씁니다^^,22.01.17.
1693,마늘냄새도 잡아요 참 개운합니다 떨어져서 쟁입니다,22.01.17.
1694,압안이 개운합니다. 빠른 배송 고맙습니다.,22.01.17.
1695,덴티스테 시리즈중에서 플러스 화이트가 가장 좋은거 같아요. 7년 전에 우연히 홈쇼핑을 보면서 알게되어 짐까지 치약은 덴티스테를 고집하게 되네요. 하도 극찬을 하니 주변에서도 많이 바꾸시드라고요. 30% 적립이 있어 쟁여 놓으려고 구매했어요. 적극 추천합니다.,22.01.16.
1696,"좋은데 거의 다 써 갈때 이게 마지막인가 하면 또 짜서 쓰기 너무 힘들고 해서 잘라보면 꽤 많은 양이 남아있음
낭비
치약회사 상술 짜증남 비쌈",22.01.16.
1697,"좋은제품 보내줘서 감사해요
자주사용하는 치악 이네요
가족다 잘쓰고 있어요",22.01.16.
1698,입낸새가 갈수록 심해지는건 기분팃일지.. 암튼 깔끔하게 양치하고 있답니다.,22.01.16.
1699,상품평읽어보구구매했는데 정말개운하고상쾌하니아주 맘에드네요또구매할게요,22.01.16.
1700,상쾌한데 뚜껑이 잘 안따지네요 ㅠㅠ,22.01.16.
1701,"항상사용하고있는 제품이에요
좋아요",22.01.16.
1702,가격할인받고 7개나 받아서좋아요. 아주 상쾌하더라구요~포장도 과대포장도 없어좋아요.뽁뽁이는 진짜 쓰레기거든요.파손위험도 없구요.,22.01.16.
1703,배송도 빠르고 구성이 좋네요~^^,22.01.16.
1704,만족러워요 입안이 개운해요,22.01.16.
1705,예전에 쓴거보단 좀 매워요.,22.01.16.
1706,항상 쓰던 제품이라 좋아용,22.01.16.
1707,"배송도 2일만에 너무너무 빨리오고 맘에들어요
덴티스트로 양치후 너무개운하고 깔끔해요
향도 너무좋아서 더만족해요",22.01.16.
1708,"개운한 느낌이 있어서 잘 사용하고있어요
추천합니다",22.01.16.
1709,텐티스티만 사용해요 ㅡ 다른것은 조금 부족한것같아서 ㅡ 가글도 텐티 ㅡ사용해요ㅡ 아주 만족합니다,22.01.16.
1710,조아요조아요조아요 조아,22.01.16.
1711,예전에 써보고 좋았던게 생각나서 구입한건데 성분이 조금 바뀌었을까요? 전에 사용했을때보다 매운맛이 강해진거 같네요..그거 빼고는 입냄새도 덜하고 괜찮아요,22.01.15.
1712,상품평보고 기대를 많이 해서 그런가 서프라이즈한 느낌은없구 나쁘지않은ㄱ 정도인것 같아요 뚜껑케이스에 치약이 묻어나서 케이스는 별루,22.01.15.
1713,정말 개운합니다~~그래서 항상 이 치약만 써요,22.01.15.
1714,항상 이 치약만 사용해요!! 너무 좋습니당,22.01.15.
1715,잘 받았습니다. 너무 만족스럽고 좋아요!,22.01.15.
1716,개운함 아침에 일어나서 더 좋아요,22.01.15.
1717,개운하고 좋아요. 또 구매할게요,22.01.15.
1718,상큼하고개운해서 좋아요,22.01.15.
1719,입냄새 안나고 상쾌해요,22.01.15.
1720,잘도착했어요 양 많아요,22.01.15.
1721,좋은데요 ㅋㅋ 감사해요,22.01.15.
1722,시원한 느낌이라 너무 좋아요. 개운해서 남편도 대만족 하고 있습니다. 용량도 큰거라 좋아요.,22.01.15.
1723,상쾌하고 좋아오!!,22.01.15.
1724,"항상 쓰던 치약이에요~
다른 치약은 이제 못쓰겠어요",22.01.15.
1725,늘 오프라인에서만 구매하다 온라인에서 구매해봐요~ 배송빠르고 만족합니다!,22.01.15.
1726,좋아여좋아여좋아여좋아여,22.01.15.
1727,"전부터 사용하던 제품이라 만족하나
배송시 포장이 조금 미흡한거 같네요
최소한 박스내에서 움직이지않게 고정이라도해서 보내주시지 그냥 막 담아서 보내준게 아쉽네요",22.01.14.
1728,뚜껑이 조금 뻑뻑한 느낌이 있지만 치약은 좋습니다 ^^,22.01.14.
1729,"상쾌하고좋아요..
가격도 배송 모두만족합니다..",22.01.14.
1730,매번 잘 쓰고있어요.개운하니 좋습니다.,22.01.14.
1731,정말 믿고쓰는 치약 몇년째 이거만써요,22.01.14.
1732,선물했는데 잘받았다네요 만족합니다,22.01.14.
1733,신랑이 이거만 쓰네요 아주 좋습니다,22.01.14.
1734,입안이 아주 상쾌해서 넘 좋아요,22.01.14.
1735,"좋네요ㅎ
엄청 상쾌해요ㅋㅋ",22.01.14.
1736,덕분에 입안이 상쾌합니다,22.01.14.
1737,늘 쓰던듯이 좋아요~👍,22.01.14.
1738,맘에 들어요 감사합니다,22.01.14.
1739,너무 상쾌해요 좋아요,22.01.14.
1740,늘 잘 쓰고있습니다.,22.01.14.
1741,언니 집에서 보고 써보고 싶어서 구매합니다.,22.01.14.
1742,"늘 잘쓰고 있어요~~^ 치약은 이게 좋아서 잘 씁니다만, 치약 짤때마다 깨끗하게 안나오고 지저분하게 되어져 그게 불편하네요~~ㅠㅠ",22.01.13.
1743,항상 쓰던 제품이에요 이번에 저렴하게 잘 삿어요 ㅋㅋ 제일 잘맞아요,22.01.13.
1744,항상 쓰는 재품입니다. 비싸지만 살수밖에 없는 치약,22.01.13.
1745,배송 빠르고 나이트 치약으로 좋습니다! 상쾌,22.01.13.
1746,가격이 비싸서 그렇지~~양치후 개운합니다,22.01.13.
1747,치약은 늘 덴티스테만 쓰고 있어요,22.01.13.
1748,거품잘 나오고 깨끗이 잘 딲어요.,22.01.13.
1749,늘 쓰던치약이라 구매햇어요,22.01.13.
1750,넘조이ㅠㅡ늘믿고삽ㄴ당,22.01.13.
1751,다른치약 못써요 이제 ..,22.01.13.
1752,생각했던 것 그대로에요,22.01.13.
1753,늘 쓰던거에요 좋아요!,22.01.13.
1754,항상 잘 쓰고 잇습니다 감사합니다,22.01.13.
1755,주문하고 바로 다음날 배송 받았어요~다른 곳과 비교해도 저렴한편이었고 사이즈 구성이 다양해서 더욱 좋네요.양치후 상쾌하고 구취도 주는 느낌이라 계속 사용중입니다.,22.01.12.
1756,이 치약이.입냄새도 덜 나게 하고 좋다고 하여서 주문 햇습니다 이 치약 꾸준히 쓰고 치아 건강이 더 좋아졋으면 해요 치아 미백 에도 효과가 잇길 바래요 ㅎㅎ 잘 사용 해보려구요 잘쓸게요,22.01.12.
1757,다른 치약 쓰다가 평 보고 바꿔봤어요. 일단 배송 빠르고 용량 넉넉하고 좋네요. 오늘 전 남은 치약 쓰고 남편이 새거 썼는데 게운하다고 합니다. 좋아요.,22.01.12.
1758,"텐디만 쓰다 다른 치약으로 바꿔 썼는데
입안 개운함이 오래가지 않아서 사논치약
다쓰고 다시 텐디로 갈아타네요",22.01.12.
1759,"언제나 저의 치아를 상쾌하게 해주는 치약입니다.
매번 살때마다 이 치약 밖에 못쓰겠어요",22.01.12.
1760,배송 빠르고 20g 미니 서비스를 보내주셨내요 ㅋ,22.01.12.
1761,배송빠르게 잘 받았어요 항상 쓰던거에용,22.01.12.
1762,"깨끗한 느낌, 안전을 위해 쓰고 있어요.",22.01.12.
1763,덴티스테는 없어는 안될 존재ㅎ,22.01.12.
1764,매번구매하는제품 맘에듭니다,22.01.12.
1765,"쟁여서 쓰는 치약이
👍",22.01.12.
1766,역시 최고~잘쓰겠습니다,22.01.12.
1767,개운합니다 강추에요,22.01.12.
1768,덴티스테 치약을 사용하고 나면서부터 다른 제품을 사용하면 입이 텁텁하네요.,22.01.12.
1769,"늘 구매하는 제품입니다
좋은구성 기대하겠습니다",22.01.12.
1770,"항상 사용하는 치약이고, 이 치약이 제일 개운해요~",22.01.12.
1771,"좋다고해서 사봤는데,
확실히 다른치약이랑 다르게 시원한 느낌이예요ㅎ
가격은 좀 있지만 만족합니다 ㅎ",22.01.11.
1772,쓰고나면 상쾌해서 항상 저녁용으로 잘써요행사자주해주세요!,22.01.11.
1773,처음 써보는데 여행용부터 개시해봤더니 개운하고 좋아요,22.01.11.
1774,치약을 많이 짜지않아도 괜찮네요 향도 무난하고 좋아요,22.01.11.
1775,"전부터 계속쓰던거에요
이제다른치약은못쓰겠어요",22.01.11.
1776,미니사이즈도 포함되어 있어서 휴대하기 좋아요.,22.01.11.
1777,너무 잘쓰고있습니다. 다음에도 구매하려구요!,22.01.11.
1778,막 그렇게 개운하거나 좋은지는 모르겠어요,22.01.11.
1779,여러치약 중 덴티스테가 제일 좋네요,22.01.11.
1780,완전 만족하면서 사용하고있어요!,22.01.11.
1781,좋아요 잘쓸께요. 감사합니다,22.01.11.
1782,언제나 사용하는 제품이예요,22.01.11.
1783,인생 치약입니다.넘 좋아요,22.01.11.
1784,항상이용했습니다. 좋아요,22.01.11.
1785,써봐야 좋은지 알겠습니다,22.01.11.
1786,잘받았습니다. 좋은제품,22.01.11.
1787,두번째주문인데조아요,22.01.11.
1788,많이저장해놓았네요..,22.01.11.
1789,"늘쓰던거예요
좋아요",22.01.11.
1790,좋아여~~~~~~~~~~~~~~~~~~,22.01.11.
1791,왕 시원합니다 쿨쿨,22.01.11.
1792,"N회차 구매입니다.
덴티스테 구매는 항상 gs 샵에서 하게 되네요",22.01.11.
1793,아침까지 개운하지 않습니다. 그래도 좋다고하니 써보겠습니다,22.01.11.
1794,"늘 사용하는제품이고,허브성분이 들어가 있어서 상쾌하고 좋습니다.",22.01.10.
1795,"그렇게 좋다는 아니지만
그래도 괜찮긴 하늣
가격이 좀 있어서..",22.01.10.
1796,늘 사용하던 제품을 좋은 가격에 구매한것같아요~^^,22.01.10.
1797,치약은 역시 덴티스텐 만족하며 잘 쓰고 있습니다,22.01.10.
1798,쓰던건데 구성이 맘에들어 여기서 구매했어요,22.01.10.
1799,입냄새는 잘모르겠고 잘 닦이는거같아여,22.01.10.
1800,덴티스테 사용할때마다 상쾌하고 좋아요,22.01.10.
1801,순하고 양치후에 잔여감이 적어요,22.01.10.
1802,이 치약만 써요 상쾌하고 좋아요,22.01.10.
1803,저렴한 가격으로잘산것같네요,22.01.10.
1804,항상써요 재구매 만족합니다,22.01.10.
1805,생각보다 시원함이 덜해요~~,22.01.10.
1806,즐겨쓰는 치약 좋아요~,22.01.10.
1807,좋은제품 잘 샀어요,22.01.10.
1808,양치하고 깔끔해서 좋아요. 확실히 구취도 없는것 같아요. 계속 사용하고 싶긴한데 가격이 좀 새서 ㅎㅎ 고민이 될것 같아요,22.01.10.
1809,아주아주 좋아요 굿굿,22.01.10.
1810,"이건 항상 쓰는 제품..
마일드도 어떨지 궁금한데, 안맞을까봐 못 시키고 있어요. 근데 고맙게 주시는 샘플? 여행용?은 똑같이 이 제품이라 아쉬워용ㅠ 그래도 고맙습니다ㅎㅎ",22.01.09.
1811,일단 깔끔하네요 가격이 싼편이 아니고 하니,22.01.09.
1812,늘 사용하는 제품입니다. 양치 후 개운해요!,22.01.09.
1813,항상 사던 치약이에요 개운하고 좋아요,22.01.09.
1814,잘사용하겠습니다 다쓰고또주문할게요,22.01.09.
1815,입안이 상큼하고 개운해서 좋아요,22.01.09.
1816,늘 쓴느 제품인데 비싸지만 만족,22.01.09.
1817,이빨이썩지않는좋은치얍이요,22.01.09.
1818,전부터 쓰던거라 만족합니다,22.01.09.
1819,매일 쓰는 덴티스테. 좋아요,22.01.09.
1820,입안이 상큼하고 개운해요,22.01.09.
1821,항상 이것만쓰고있어요,22.01.09.
1822,기존에 썼던 치약보다도 훨씬 좋습니다 너무 마음에 들고 다음에도 이 치약 계속 쓸 생각입니다,22.01.09.
1823,용량도빠르고 배송도빠르고 좋아요,22.01.09.
1824,"덴티스테 치약 너무 좋네요
저는 입냄새로 고민이 많았는데, 지인을 통해 알게된 덴티스트 치약!! 주문해서 써보니 정말 입냄새가 않나네요~~ 그리고 양치 할때 개운해요~~ 이 치약은 이가 하예지는 화이튼이 기능도 있다고 하니.... 기대가 되네요 ~~
배송도 빠르게 왔어요~~ 만족합니다~~",22.01.08.
1825,"새상품인지 반품상품을 다시 보낸건지 오랄린스중 하나가 입구가 꺽여 질질 새면서 왔네요
상자는 젖어있고 치약들은 원래 입구 막는 씰이 없나요? 상품 상태가 좋지않아 이것저것 찝찝하네요",22.01.08.
1826,이 치약 쓰고 다른 것 못써요 배송도 빠르고 좋아요,22.01.08.
1827,가격 적당하고 늘 쓰던 제품 이여서 구매했습니다,22.01.08.
1828,계속 구매하고있어요 남편이 이치약만 원해요,22.01.08.
1829,"지속적으로 상용하는 제품이지만 가격이 비싸지는것같아요
개운하고 상쾌하게 잘사용하고 있어요",22.01.08.
1830,치약은 그냥 덴티스테가 제일 좋아요 :-),22.01.08.
1831,아침에 상큼합니다 치약은 이것만 써요,22.01.08.
1832,빠른배송과 포장이 꼼꼼하네요,22.01.08.
1833,치약은항상요것만사서써요,22.01.08.
1834,원래쓰던제품에요 좋아요,22.01.08.
1835,치약 좋아요 향도좋구요,22.01.08.
1836,"치약 괜찮은 제품이예요

오랫동안 이 치약 사용하게 되네요",22.01.08.
1837,매번 구매하는거라 구매했어요! 저렴하게 잘산거 같아요,22.01.08.
1838,"배송은 빠르게왔어요.
포장은 실망., ㅠㅠ
상품이 조아도 ...
세심함이 부족하네요",22.01.08.
1839,감사합니다.잘쓰겠습니다 저렴히잘샀어요,22.01.08.
1840,"늘쓰는상품입니다.
가족모두만족합니다.",22.01.08.
1841,전에 쓰다가 다른치약으로 바꿔 썼었는데 너무 별로라서 다시 덴티스테로 갈아탔어요 ㅎㅎ 거품도 잘나고 무엇보다 양치하고나면 개운하고 시원해서 좋아요. 계속 덴티스테 쓰려구요.,22.01.07.
1842,치약은 덴티스테만 씁니다. 한번사면 1년치정도 사서 쟁여놓고 쓰네요. 무불소라 더 조아요. 많이파세요~,22.01.07.
1843,"여기가 가격이 제일 저렴한듯요.
상쾌하고 입냄새 덜라고 좋아요.",22.01.07.
1844,좋아요 항상애용하는 제품 아주 만족합니다,22.01.07.
1845,매번 구입해서 사용하고 있고 괜찮아요,22.01.07.
1846,덴티스테 좋아요 재구매의사잇어요,22.01.07.
1847,다른브렌드랑상쾌함에차이가크다.,22.01.07.
1848,입안의 상쾌함이 오래가서 좋아요~,22.01.07.
1849,가구손잡이 고급스럽고 좋네요,22.01.07.
1850,치약은 이것만 씁니다!!,22.01.07.
1851,좋아요 재구매하려구요,22.01.07.
1852,자연치약이라 좋아요,22.01.07.
1853,대용량이라 좋네요.,22.01.07.
1854,너무너무좋아요 이거만 써요,22.01.07.
1855,"덴티스테 5년넘게 사용중인데요
이번엔 사용하던거랑 비교해보니 성분도 조금틀리고
일반치약처럼 묽어요 개운한 느낌이 없습니다",22.01.06.
1856,"배송이 넘 넘 늦었는데, 미리 고지해주셔서 기다렸어요.. 제품은 늘 쓰던거라 넘넘 좋네요~",22.01.06.
1857,딸이한번 사서 써봤는데 너무 개운하고 깔끔해서 두세트 구매했어요 쟁여두고 써야겠어요,22.01.06.
1858,이거 쓰다가 다른ㄱㅓㄹ로 바꾸고 결국 다시 돌아왔어요,22.01.06.
1859,주변에서 좋다고 한 이유가 있네요. 넘 개운합니다,22.01.06.
1860,CJ 대한통운 파업임에도 빠른 배송 감사드립니다,22.01.06.
1861,늘 쓰는거라 저렴할 때 쟁여놨네여 번창하세요!,22.01.06.
1862,"지인이 사용하고 있어서 구매했어요
깔끔해요",22.01.06.
1863,개운해요~늘 쓰던거라 만족하며 써요,22.01.06.
1864,"상쾌하고 좋아요
항상 사용중입니다",22.01.06.
1865,"배송빠르고
아주좋아요",22.01.06.
1866,치약 상쾌하네요ㅎㅎ,22.01.06.
1867,아직 사용전이라... 좋다고 해서 구매해봤어요. 사용해보고 좋으면 또 구매하러 올게요. 빠른 배송 감사합니다,22.01.06.
1868,좋아요~좋아요~좋아요~좋아요~좋아요~좋아요~좋아요~좋아요~좋아요~좋아요~좋아요~좋아요~좋아요~좋아요~좋아요~좋아요~좋아요~좋아요~좋아요~,22.01.06.
1869,미니어처도 함께 서비스로 보내주셨네요. 달지 았고 개운상쾌합니다. 좋아요.,22.01.05.
1870,항상 사용하는 제품이예요. 화한 상쾌함은 없어도 깨끗해진 느낌은 있어요,22.01.05.
1871,늘 애용하는 제품입니다. 가격이 비싼거 빼고는 넘 만족스러워요~,22.01.05.
1872,우연히 써보고 너무 좋아서 여기서 3개묶음으로 구매했습니다~,22.01.05.
1873,자주 구매해요 양치하고 나면 다른 제품보다 상쾌하니 좋아요,22.01.05.
1874,"배송도 빨리오고 제품도 좋아요
재구매의사있어요",22.01.05.
1875,한진택배로 보내줘서 고맙습니다수고하세요,22.01.05.
1876,엄청 크네요 오래쓸 것 같아요,22.01.05.
1877,두 번째 구입했습니다. 좋네요,22.01.05.
1878,좋아요 재구매의사있어요,22.01.05.
1879,깔끔하고상쾌합니다.,22.01.05.
1880,좋아요 늘쓰던거예요,22.01.05.
1881,사용 중인데 아직은,22.01.05.
1882,개운하고 좋습니다,22.01.05.
1883,좋은거알고샀어요 아침에도 남아있는냄새가없어서좋았어요,22.01.05.
1884,상쾌하니 좋아용!!,22.01.05.
1885,"치약 중에 가장 좋은거 같아요.
신랑도 이 치약만 찾아요 ㅎ ㅔ",22.01.05.
1886,조아요 마니마니파세요,22.01.05.
1887,비싼게 흠이라면 흠이죠,22.01.05.
1888,개운하니 너무 좋아요 좋아요,22.01.05.
1889,오랫동안 사용해온 제품이에요 너무 자극적이지 않고 깨끗하게 잘 닦이고 입냄새도 훨 덜 나는거 같아요,22.01.04.
1890,제형이 뻑뻑한건지 튜브를 세게 눌러 짜야 되니 불편합니다 역시나 국산이 최고네요,22.01.04.
1891,거품도 풍성하게 잘나고 다 닦고나면 뽀득거리고 게운한느낌이에요.,22.01.04.
1892,"상품구성이 좋은것같아요! 늘 쓰고 있습니다.
입안이 개운해지고, 입안에 냄새가 사라져요.",22.01.04.
1893,사용해보고 싶었는데 너무 개운하고 양도 많고 좋아요,22.01.04.
1894,수년전 처음 사용후 계속 이제품만 애용하고 있어요,22.01.04.
1895,뚜껑 열고 닫기가 좀 빡신데 시원합니다,22.01.04.
1896,이 치약 좋아요상쾌함이 오래갑니다,22.01.04.
1897,완전 좋아요 대량구매해야겠어요,22.01.04.
1898,깔끔하고 좋아서 항상 애용해요,22.01.04.
1899,좋아용 또 구매할 생각 입니다,22.01.04.
1900,매번 쓰던거라 또 구매합니다,22.01.04.
1901,사용해본치약중최고깔끔해요,22.01.04.
1902,만족합니다 재구매예정,22.01.04.
1903,치약은 덴티스테입니다,22.01.04.
1904,쓰던거라 역시 좋네요.,22.01.04.
1905,항상 쓰는 치약입니자,22.01.04.
1906,입안이 개운하네요,22.01.04.
1907,"향도 좋고, 구취도 덜 나는 것 같아요. 추천합니다! 양도 많아요~",22.01.04.
1908,처음사용해본제품이지만 만족한 제품입니다.,22.01.04.
1909,항상 쓰는 제품입니다 저렴하고 빠른 배송 감사합니다,22.01.04.
1910,빠른배송감사합니당 ㅎㅎㅎ 넘좋네요,22.01.04.
1911,뚜껑에 계속 묻고 깔끔하게 관리가 힘들어요,22.01.03.
1912,"상쾌하고 좋아요
거품도 잘나고",22.01.03.
1913,늘 사용하던 치약입니다,22.01.03.
1914,싸게 잘 구입했습니다~,22.01.03.
1915,매년 쓰는제품 좋아요,22.01.03.
1916,이 치약밖에 안씁니다,22.01.03.
1917,"잘사용하고 있습니다.
감사합니다.",22.01.03.
1918,가격이 비싸서 그렇지 다른치약에 비해 사용하고 나면 정말 깔끔합니다. 계속 써야겠어요.,22.01.02.
1919,사용후 상ㄱ큼함과 깔끔함으로 몇년째 쓰는 제품입니다,22.01.02.
1920,흄쇼핑에서 늘 사서 쓰던 제품인데 싸게 잘 삿네요.,22.01.02.
1921,"상쾌해요
좋은 가격에 잘 구매했네요",22.01.02.
1922,고민했던건데 역시나만족합니다,22.01.02.
1923,쓰고나서 개운한게 딱 좋아요,22.01.02.
1924,양치후 개운함이 오래갑니다,22.01.02.
1925,배송이 너무빨라 좋아요,22.01.02.
1926,항상 이 치약만 씁니다. 진짜 과하지도 않고 맛있게 개운한 치약,22.01.02.
1927,항상잘이용하고있습니다감사합니다,22.01.02.
1928,"저렴하게 구매 잘했습니다.
만족합니다~~",22.01.02.
1929,배송 진짜빠르네요~ 굿!!,22.01.02.
1930,"여러치약 써본후 정착함
다들 좋은거 아시죠? 이번엔 수량좀 많이 시켰더니 휴대용두 샘플 보내주셨네요
잘 쓰겠습니다. 번창하세요~",22.01.01.
1931,뚜껑이 뻣뻣하고 사용하기 좀 불편한 것 빼고는 내용물은 좋은것 같아요 상쾌함이 오래가요,22.01.01.
1932,늘 쓰는 제품이라 떨어지기 전에 또 쟁여두었어요독하지 않으면서 입안이 상쾌해요~~,22.01.01.
1933,사용한지 2일째입니다. 애들이 입냄새가 안난다고 하네요. 신기합니다. 역시 소문이 거짓말이 아니군요. 대박!!!,22.01.01.
1934,"입 안이 상쾌해져요
잘 사용하겠습니다",22.01.01.
1935,6년정도 이 제품만 써요. 좋아요,22.01.01.
1936,개운함이 달라요 이것만 써요,22.01.01.
1937,늘 믿고쓰는 치약입니다 🙂,22.01.01.
1938,너무 좋네요^^ 정말좋아요,22.01.01.
1939,기대한것보다 좋습니다,22.01.01.
1940,양치하고 나서 개운함이 정말 오래 갑니다 가격이 조금 있지만 다른치약은 안쓰고 항상 덴티스테로만 쓰네요,21.12.31.
1941,입냄새제거에 탁월하다고 해서 처음 구매해봤아요 구성도 좋고 저렴하게 가성비좋게 잘 산거같네요!,21.12.31.
1942,그동안 써왔던 치약들중에 제일 시원했어요!!,21.12.31.
1943,소문듣고 구매합니다. 잘쓰고 다시 평쓸게요,21.12.31.
1944,이 치약만 쓰게 되네요 배송이 빨랐습니다,21.12.31.
1945,"자녀가 추천해줘서 주문했는데
좋아요~^^",21.12.31.
1946,아침에 입에서 냄새안나서 좋으네요,21.12.31.
1947,감사합니다 재구매 의사 있어요,21.12.31.
1948,아주 만족 합니다. 좋아요.,21.12.31.
1949,배송 빠르고 재품 좋아요,21.12.31.
1950,아주마니만족하고있다요,21.12.31.
1951,상쾌한 치약입니다 좋앙6,21.12.31.
1952,저희가족은 이것만써요,21.12.31.
1953,아침에 개운합니다아,21.12.31.
1954,가성비 정말 좋아요,21.12.31.
1955,저렴하게 잘 구매했어요 타 사이트보다 훨씬 저렴하네요만족합니다^^~~,21.12.31.
1956,"상큼해요
매번 구매해요
쟁긴지 모르고 또 구매했네요 ㅎ",21.12.31.
1957,"개운하면서 성분 괜찮은 치약은 덴티스테더라구요.
칫솔도 첨 사서 썼는데 힘도 있으며 부드러워서 만족합니다!",21.12.30.
1958,"브리즈먼 주문해서 쓰다가, 이 제품이 가성비 있어서, 주문했는데, 기대 이상입니다. 개운하고 상쾌해요",21.12.30.
1959,배송 빠르고 타 사이트보다 조금 저렴하게 구매했어요,21.12.30.
1960,"항상 쓰는제품이라 쟁여두네요 ㅎ
넘 상쾌하고 좋아여",21.12.30.
1961,물건 잘 받았습니다 늘 사용하던 제품이라 좋아요,21.12.30.
1962,"개운하고 좋아요
아침에 사용하면 상쾌합니다.",21.12.30.
1963,처음써보는데 향이 독특하고 입안이 싸하네요,21.12.30.
1964,입냄새 잡아주고 입안이 개운해서 좋습니다.,21.12.30.
1965,좋아서 항상쓰고 있는 제품입니다,21.12.30.
1966,상품배송 품질 모두 만족합니다,21.12.30.
1967,좋아요 완전 개운 또 살게요,21.12.30.
1968,전 덴티스테만 사용합니다.,21.12.30.
1969,가격과 품질 모두 좋아요,21.12.30.
1970,입안이 개운하고 시원함,21.12.30.
1971,괜찮아서 재구매합니다,21.12.30.
1972,항상 사용하는 제품이예요~~~상쾌하고 너무너무 좋지요~~~한번 사용하면 다른 제품 사용 못하지요...ㅎㅎ저렴하게 구입한듯해요,21.12.30.
1973,재구매합니다 좋아요 좋아요,21.12.30.
1974,구매한지는 좀 됐는데 좋다해서 계속 이것만 사용하고 있어요 솔직히 잘 닦이는 건 모르겠지만 개운하긴 해요 가격은 좀 사악하죠 안 좋은 성분이 뭐가 들어갔다고 하는거 같은데 가격도 비싸면서 왜 그런게 들어가 있을까요? ㅜ,21.12.29.
1975,"사용하던 제품이라 망설임없이 구매했는데...
160g짜리보다 뚜껑 여닫기가 힘이 들어 불편하네요~
양치 후 입안이 개운해서 좋아요~",21.12.29.
1976,사람들이 많이 찾는 이유가 있었네요입안이 깔끔하고 그 깔끔함이 오래가요일반 치약처럼 맵지않고요~저렴할때 쟁여놔야겠어요,21.12.29.
1977,확실히 다른 치약보다 입안에 개운함이 오래가는것같아 좋습니다,21.12.29.
1978,요즘엔 제가 쉽이 많이 없어도 이 제푸만 고집하네요,21.12.29.
1979,상쾌하고 텁텁함이 없어요 엄마가 좋아하시네요,21.12.29.
1980,늘 써오던 제품이에요 저렴하게 잘 샀습니다,21.12.29.
1981,추천받아서 써봤는데 깔끔하고 좋아요.,21.12.29.
1982,습관이 되버려서 이치약만 쓰게되네요,21.12.29.
1983,인생 치약입니다. 배송 빨라요,21.12.29.
1984,쓰던ㄱᆞㅣ에ᄋᆢㅜ 개운해요,21.12.29.
1985,개운하고 좋은 치약입니다,21.12.29.
1986,양치후 상쾌한것 같음,21.12.29.
1987,"하나당 8800원대 좋은 가격에 잘 샀어요~
제품은 좋지만 치약마다 저 설명택은 왜 달아놓는건지...ㅜ
가위로 떼어내 버리는거 아주 귀찮아요~~
불필요한 포장 개선해 주시길 바래요",21.12.28.
1988,"치약크기가 너무 큰거 아닌가 싶었는데
좋아요~ 잘 사용하고 있어요",21.12.28.
1989,치약항도 산뜻하구 닦구나면 유난히 상콰한게 기분이 아주좋아서 계속시켜서 사용하구 있어요~^^,21.12.28.
1990,"늘 쓰는상ㅈ품입니다.
다른 치약은 못쓰겠어요",21.12.28.
1991,상쾌함에 항상 재구매하고 있습니다,21.12.28.
1992,늘 쓰던거. 배송 빠르고 조하요,21.12.28.
1993,매번 만족하고 구입중인 치약^^,21.12.28.
1994,이거한번 쓰면 딴거못씀ㅎㅎ,21.12.28.
1995,한번 써보랴고 샀어요 ㅎㅎ,21.12.28.
1996,지인소개로 주문했어요,21.12.28.
1997,늘 쓰던제품 좋습니다,21.12.28.
1998,항상 잘 쓰고있어요,21.12.28.
1999,굿굿 좋아요~~^^,21.12.28.
